cuentaimputadaid,cuenta_padre,cuenta,cuentaanalisis,sucursal,centrocosto,debe,haber,deudor,acreedor,activo,pasivo,ingreso,gasto,tipocuentaid
40025630,,1 ACTIVOS,,,,0,0,0,0,0,0,0,0,1
40025631,,11 ACTIVO CIRCULANTE,,,,0,0,0,0,0,0,0,0,1
40025632,1101 DISPONIBLE,1101 DISPONIBLE,,,,0,0,0,0,0,0,0,0,1
40025633,1101 DISPONIBLE,1101-01 CUENTA CAJA,,,,18846956,0,18846956,0,18846956,0,0,0,1
40025634,1101 DISPONIBLE,1101-02 BANCO SANTANDER,,,,0,0,0,0,0,0,0,0,1
40025915,1101 DISPONIBLE,1101-03 BANCO SOCIEDAD,,,,0,0,0,0,0,0,0,0,1
40025969,1101 DISPONIBLE,1101-10 BANCO ESTADO 1187,,,,0,0,0,0,0,0,0,0,1
40025985,1101 DISPONIBLE,1101-11 BANCO ESTADO 5894,,,,0,0,0,0,0,0,0,0,1
40026041,1101 DISPONIBLE,1101-16 FONDO FIJO,,,,0,0,0,0,0,0,0,0,1
40026044,1101 DISPONIBLE,1101-17 BANCO SANTANDER SANTA LUCIA,,,,0,0,0,0,0,0,0,0,1
40026045,1101 DISPONIBLE,1101-18 BANCO SANTANDER LA NOVENA,,,,0,0,0,0,0,0,0,0,1
40026053,1101 DISPONIBLE,1101-19 BANCO SANTANDER,,,,0,0,0,0,0,0,0,0,1
40026054,1101 DISPONIBLE,1101-20 BANCO CHILE,,,,0,0,0,0,0,0,0,0,1
40026102,1101 DISPONIBLE,1101-21 BANCO SECURITY,,,,0,0,0,0,0,0,0,0,1
40026119,1101 DISPONIBLE,1101-22 CTA MONEDA EXTRANJERA,,,,0,0,0,0,0,0,0,0,1
40026121,1101 DISPONIBLE,1101-23 BANCO BICE,,,,0,0,0,0,0,0,0,0,1
40026141,1101 DISPONIBLE,1101-24 BANCO BCI,,,,0,0,0,0,0,0,0,0,1
40026155,1101 DISPONIBLE,1101-25 BANCO CORPBANCA,,,,0,0,0,0,0,0,0,0,1
40026156,1101 DISPONIBLE,1101-26 BANCO ESTADO,,,,0,0,0,0,0,0,0,0,1
40026159,1101 DISPONIBLE,1101-27 BANCO BICE,,,,0,0,0,0,0,0,0,0,1
40026161,1101 DISPONIBLE,1101-28 BANCO ITAU,,,,0,0,0,0,0,0,0,0,1
40026204,1101 DISPONIBLE,1101-29 BANCO BCI,,,,256413197,166247867,90165330,0,90165330,0,0,0,1
40026234,1101 DISPONIBLE,1101-31 BANCO SANTANDER CTA 2,,,,0,0,0,0,0,0,0,0,1
40026254,1101 DISPONIBLE,1101-32 BANCO ITAU DOLAR,,,,0,0,0,0,0,0,0,0,1
40026255,1101 DISPONIBLE,1101-33 BANCO ITAU EURO,,,,0,0,0,0,0,0,0,0,1
40026270,1101 DISPONIBLE,1101-34 BANCO SCOTIABANK,,,,0,0,0,0,0,0,0,0,1
40026339,1101 DISPONIBLE,1101-36 BANCO DOLAR,,,,0,0,0,0,0,0,0,0,1
40026341,1101 DISPONIBLE,1101-37 CAJA CHICA,,,,0,0,0,0,0,0,0,0,1
40026342,1101 DISPONIBLE,1101-38 BCO SANTANDER STGO M/E,,,,0,0,0,0,0,0,0,0,1
40026343,1101 DISPONIBLE,1101-39 BCO SANTANDER N 64-57399-3,,,,0,0,0,0,0,0,0,0,1
40026379,1101 DISPONIBLE,1101-40 BANCO CONSORCIO,,,,0,0,0,0,0,0,0,0,1
40026539,1101 DISPONIBLE,1101-43 BANCO CHILE 2,,,,0,0,0,0,0,0,0,0,1
40026556,1101 DISPONIBLE,1101-44 BANCO DE CHILE USD,,,,0,0,0,0,0,0,0,0,1
40026410,1101 DISPONIBLE,1101-50 CAJA CHICA SERVICIOS,,,,0,0,0,0,0,0,0,0,1
40026411,1101 DISPONIBLE,1101-51 CAJA CHICA LIRA 671,,,,0,0,0,0,0,0,0,0,1
40026412,1101 DISPONIBLE,1101-52 CAJA CHICA LIRA 868,,,,0,0,0,0,0,0,0,0,1
40026413,1101 DISPONIBLE,1101-53 CAJA CHICA FINANZAS,,,,0,0,0,0,0,0,0,0,1
40026414,1101 DISPONIBLE,1101-54 CAJA CHICA 4 NORTE VIÑA,,,,0,0,0,0,0,0,0,0,1
40026415,1101 DISPONIBLE,1101-55 CAJA CHICA QUILLOTA VIÑA,,,,0,0,0,0,0,0,0,0,1
40026513,1101 DISPONIBLE,1101-56 BANCO ESTADO CHEQUERA ELECTRONICA,,,,0,0,0,0,0,0,0,0,1
40026520,1101 DISPONIBLE,1101-57 CTA MONEDA EXTRANJERA MERRIL,,,,0,0,0,0,0,0,0,0,1
40026521,1101 DISPONIBLE,1101-58 BANCO BCI DOLAR,,,,0,0,0,0,0,0,0,0,1
40026527,1101 DISPONIBLE,1101-59 CAJA CHICA RUTA DOS,,,,0,0,0,0,0,0,0,0,1
40026528,1101 DISPONIBLE,1101-60 CAJA CHICA GERENTE GENERAL,,,,0,0,0,0,0,0,0,0,1
40026610,1101 DISPONIBLE,1101-62 BANCO ESTADO CUENTA CORRIENTE,,,,0,0,0,0,0,0,0,0,1
40026611,1101 DISPONIBLE,1101-63 Banco Chile 4107,,,,0,0,0,0,0,0,0,0,1
40026630,1101 DISPONIBLE,1101-64 CAJA INVERSIÓN BANCO,,,,0,0,0,0,0,0,0,0,1
40026639,1101 DISPONIBLE,1101-65 BANCO CHILE EURO,,,,0,0,0,0,0,0,0,0,1
40026644,1101 DISPONIBLE,1101-66 Banco BCI,,,,0,0,0,0,0,0,0,0,1
40026649,1101 DISPONIBLE,1101-67 BANCO SCOTIABANK 2,,,,0,0,0,0,0,0,0,0,1
40026689,1101 DISPONIBLE,1101-72 BANCO SANTANDER DOLAR,,,,0,0,0,0,0,0,0,0,1
40026745,1101 DISPONIBLE,1101-73 BANCO CHILE DOLAR,,,,0,0,0,0,0,0,0,0,1
40026777,1101 DISPONIBLE,1101-74 CAPITAL POR ENTERAR,,,,0,0,0,0,0,0,0,0,1
40026783,1101 DISPONIBLE,1101-75 BANCO INTERNACIONAL,,,,0,0,0,0,0,0,0,0,1
40026788,1101 DISPONIBLE,1101-76 BANCO GLOBAL,,,,0,0,0,0,0,0,0,0,1
40026789,1101 DISPONIBLE,1101-77 BANCO GLOBAL USD,,,,0,0,0,0,0,0,0,0,1
40026817,1101 DISPONIBLE,1101-78 BANCO INTERNACIONAL,,,,0,0,0,0,0,0,0,0,1
40026822,1101 DISPONIBLE,1101-79 CAJA VECINA,,,,0,0,0,0,0,0,0,0,1
40026929,1101 DISPONIBLE,1101-80 BANCO EDWARDS,,,,0,0,0,0,0,0,0,0,1
40026951,1101 DISPONIBLE,1101-81 DOLARES AFEX,,,,0,0,0,0,0,0,0,0,1
40026975,1101 DISPONIBLE,1101-82 BANCO CHILE 4602,,,,0,0,0,0,0,0,0,0,1
40027012,1101 DISPONIBLE,1101-83 BANCO BICE DOLAR,,,,0,0,0,0,0,0,0,0,1
40027013,1101 DISPONIBLE,1101-84 BANCO BICE EURO,,,,0,0,0,0,0,0,0,0,1
40027019,1101 DISPONIBLE,1101-85 MERCADO PAGO,,,,0,0,0,0,0,0,0,0,1
40027022,1101 DISPONIBLE,1101-86 TRASPASO EN TRANSITO,,,,0,0,0,0,0,0,0,0,1
40025635,1102 DEPOSITOS A PLAZO,1102 DEPOSITOS A PLAZO,,,,0,0,0,0,0,0,0,0,1
40025636,1102 DEPOSITOS A PLAZO,1102-01 DEPOSITOS A PLAZO,,,,0,0,0,0,0,0,0,0,1
40026307,1102 DEPOSITOS A PLAZO,1102-02 DEPOSITO A PLAZO BCO SANTANDER,,,,0,0,0,0,0,0,0,0,1
40026308,1102 DEPOSITOS A PLAZO,1102-03 DEPOSITO A PLAZO BCO CHILE,,,,0,0,0,0,0,0,0,0,1
40025637,1103 VALORES NEGOCIABLES,1103 VALORES NEGOCIABLES,,,,0,0,0,0,0,0,0,0,1
40025638,1103 VALORES NEGOCIABLES,1103-01 INGRESOS FUNDACION,,,,0,0,0,0,0,0,0,0,1
40025967,1103 VALORES NEGOCIABLES,1103-02 FONDOS MUTUOS,,,,0,0,0,0,0,0,0,0,1
40026391,1103 VALORES NEGOCIABLES,1103-03 FONDOS MUTUOS BCO SANTANDER,,,,0,0,0,0,0,0,0,0,1
40026624,1103 VALORES NEGOCIABLES,1103-04 INVERSIONES  DE ACCIONES,,,,0,0,0,0,0,0,0,0,1
40026769,1103 VALORES NEGOCIABLES,1103-05 FONDOS DE INVERSIONES,,,,0,0,0,0,0,0,0,0,1
40025639,1104 DEUDORES POR VENTAS,1104 DEUDORES POR VENTAS,,,,0,0,0,0,0,0,0,0,1
40025640,1104 DEUDORES POR VENTAS,1104-01 DEUDORES CLIENTES,,,,292252484,311499524,0,19247040,0,19247040,0,0,1
40025979,1104 DEUDORES POR VENTAS,1104-02 CLIENTES LOCAL,,,,0,0,0,0,0,0,0,0,1
40026158,1104 DEUDORES POR VENTAS,1104-03 VENTAS POR FACTURAR,,,,0,0,0,0,0,0,0,0,1
40026160,1104 DEUDORES POR VENTAS,1104-05 CLIENTES TRANSBANK,,,,0,0,0,0,0,0,0,0,1
40026167,1104 DEUDORES POR VENTAS,1104-06 OTROS DEUDORES,,,,0,0,0,0,0,0,0,0,1
40026196,1104 DEUDORES POR VENTAS,1104-07 DEUDORES POR COBRAR,,,,0,0,0,0,0,0,0,0,1
40026224,1104 DEUDORES POR VENTAS,1104-08 CLIENTES POR IDENTIFICAR,,,,0,0,0,0,0,0,0,0,1
40026237,1104 DEUDORES POR VENTAS,1104-09 CLIENTES FACTORING,,,,0,0,0,0,0,0,0,0,1
40026374,1104 DEUDORES POR VENTAS,1104-10 CLIENTES CONVENCIONALES,,,,0,0,0,0,0,0,0,0,1
40026435,1104 DEUDORES POR VENTAS,1104-11 CLIENTES FACTORING,,,,0,0,0,0,0,0,0,0,1
40026509,1104 DEUDORES POR VENTAS,1104-12 REMANENTE FACTORING,,,,0,0,0,0,0,0,0,0,1
40026510,1104 DEUDORES POR VENTAS,1104-13 CLIENTES EXTRANJEROS,,,,0,0,0,0,0,0,0,0,1
40026540,1104 DEUDORES POR VENTAS,1104-14 RETENCIÓN FACTORING,,,,99477,0,99477,0,99477,0,0,0,1
40026708,1104 DEUDORES POR VENTAS,1104-15 DXC ESPECIALES DEL MES,,,,0,0,0,0,0,0,0,0,1
40026709,1104 DEUDORES POR VENTAS,1104-16 CXC GASTOS COMUNES ATRASADOS,,,,0,0,0,0,0,0,0,0,1
40026710,1104 DEUDORES POR VENTAS,1104-17 CXC GASTO COMUN ANTICIPADO,,,,0,0,0,0,0,0,0,0,1
40026711,1104 DEUDORES POR VENTAS,1104-18 CXC FONDO DE RESERVA DEL MES,,,,0,0,0,0,0,0,0,0,1
40026712,1104 DEUDORES POR VENTAS,1104-19 CXC FONDO DE RESERVA ATRASADO,,,,0,0,0,0,0,0,0,0,1
40026713,1104 DEUDORES POR VENTAS,1104-20 CXC GASTOS COMUNES DEL MES,,,,0,0,0,0,0,0,0,0,1
40026714,1104 DEUDORES POR VENTAS,1104-21 CXC CONVENIO GASTOS COMUNES,,,,0,0,0,0,0,0,0,0,1
40026715,1104 DEUDORES POR VENTAS,1104-22 CXC ALARMAS,,,,0,0,0,0,0,0,0,0,1
40026716,1104 DEUDORES POR VENTAS,1104-23 CXC SEGUO INCENDIO OBLIGATORIO,,,,0,0,0,0,0,0,0,0,1
40026717,1104 DEUDORES POR VENTAS,1104-24 CXC AGUA LOCALES COMERCIALES,,,,0,0,0,0,0,0,0,0,1
40026730,1104 DEUDORES POR VENTAS,1104-25 CXC ARRIENDOS,,,,0,0,0,0,0,0,0,0,1
40026731,1104 DEUDORES POR VENTAS,1104-26 CXC ELECTRICIDAD,,,,0,0,0,0,0,0,0,0,1
40026732,1104 DEUDORES POR VENTAS,1104-27 CXC ALCANTARILLADO,,,,0,0,0,0,0,0,0,0,1
40026824,1104 DEUDORES POR VENTAS,1104-28 MAQUILA,,,,0,0,0,0,0,0,0,0,1
40026993,1104 DEUDORES POR VENTAS,1104-29 CXC TB LTDA,,,,0,0,0,0,0,0,0,0,1
40025641,1105 DOCTOS. POR COBRAR,1105 DOCTOS. POR COBRAR,,,,0,0,0,0,0,0,0,0,1
40025642,1105 DOCTOS. POR COBRAR,1105-01 LETRAS EN CARTERA,,,,0,0,0,0,0,0,0,0,1
40026344,1105 DOCTOS. POR COBRAR,1105-02 OTROS DOCUMENTOS POR COBRAR,,,,0,0,0,0,0,0,0,0,1
40025643,1105 DOCTOS. POR COBRAR,1105-10 CHEQUES POR COBRAR,,,,0,0,0,0,0,0,0,0,1
40026428,1105 DOCTOS. POR COBRAR,1105-11 CUENTAS POR COBRAR,,,,0,0,0,0,0,0,0,0,1
40026600,1105 DOCTOS. POR COBRAR,1105-12 CUENTA CORRIENTE MERCANTIL,,,,0,0,0,0,0,0,0,0,1
40026721,1105 DOCTOS. POR COBRAR,1105-13 CHEQUES PROTESTADOS,,,,0,0,0,0,0,0,0,0,1
40025644,1105 DOCTOS. POR COBRAR,1105-17 DOCUMENTOS PROTESTADOS,,,,0,0,0,0,0,0,0,0,1
40026268,1105 DOCTOS. POR COBRAR,1105-18 DEPOSITOS POR IDENTIFICAR,,,,0,0,0,0,0,0,0,0,1
40026643,1105 DOCTOS. POR COBRAR,1105-19 Cuenta por cobrar Symple LLC,,,,0,0,0,0,0,0,0,0,1
40026814,1105 DOCTOS. POR COBRAR,1105-20 CUENTAS POR COBRAR INM LA COSTA,,,,0,0,0,0,0,0,0,0,1
40026815,1105 DOCTOS. POR COBRAR,1105-21 CUENTAS POR COBRAR HMC,,,,0,0,0,0,0,0,0,0,1
40026919,1105 DOCTOS. POR COBRAR,1105-22 VALE VISTA,,,,0,0,0,0,0,0,0,0,1
40026965,1105 DOCTOS. POR COBRAR,1105-23 CUENTA CORRIENTE MERCANTIL INMOB BERROETA,,,,0,0,0,0,0,0,0,0,1
40026966,1105 DOCTOS. POR COBRAR,1105-24 CUENTA CORRIENTE MERCANTIL DERMAPLASTIC,,,,0,0,0,0,0,0,0,0,1
40027056,1105 DOCTOS. POR COBRAR,1105-25 VALORES POR ACLARAR,,,,0,0,0,0,0,0,0,0,1
40025645,1106 DEUDORES VARIOS,1106 DEUDORES VARIOS,,,,0,0,0,0,0,0,0,0,1
40025943,1106 DEUDORES VARIOS,1106-01 FONDOS RETIRADOS CAJA DIARIA,,,,0,0,0,0,0,0,0,0,1
40025646,1106 DEUDORES VARIOS,1106-02 GARANTÍA POR ARRIENDOS,,,,0,0,0,0,0,0,0,0,1
40025647,1106 DEUDORES VARIOS,1106-03 PAGO ESTILISTAS,,,,0,0,0,0,0,0,0,0,1
40025916,1106 DEUDORES VARIOS,1106-04 ANTICIPO PROVEEDORES,,,,0,0,0,0,0,0,0,0,1
40025648,1106 DEUDORES VARIOS,1106-05 EMPRESAS RELACIONADAS,,,,20000000,0,20000000,0,20000000,0,0,0,1
40026055,1106 DEUDORES VARIOS,1106-06 FONDOS POR COBRAR CLIENTES,,,,0,0,0,0,0,0,0,0,1
40025649,1106 DEUDORES VARIOS,1106-07 PAGO A SALONES,,,,0,0,0,0,0,0,0,0,1
40025924,1106 DEUDORES VARIOS,1106-08 ANTICIPO HONORARIOS,,,,0,0,0,0,0,0,0,0,1
40025950,1106 DEUDORES VARIOS,1106-09 PRESTAMOS TRABAJADORES,,,,0,0,0,0,0,0,0,0,1
40025953,1106 DEUDORES VARIOS,1106-10 FINANCIAMIENTO ESTILISTAS,,,,0,0,0,0,0,0,0,0,1
40025975,1106 DEUDORES VARIOS,1106-11 ANTICIPO REMUNERACIONES,,,,1100000,1100000,0,0,0,0,0,0,1
40025989,1106 DEUDORES VARIOS,1106-12 CTA CTE CAJERO,,,,0,0,0,0,0,0,0,0,1
40025990,1106 DEUDORES VARIOS,1106-13 EMPRESA RELACIONADA PROSERVICES,,,,0,0,0,0,0,0,0,0,1
40025991,1106 DEUDORES VARIOS,1106-14 CTA CAJERO FERTRI 2,,,,0,0,0,0,0,0,0,0,1
40025996,1106 DEUDORES VARIOS,1106-15 ASIGNACION FAMILIAR,,,,22634,24282,0,1648,0,1648,0,0,1
40026057,1106 DEUDORES VARIOS,1106-16 FONDOS POR RENDIR,,,,0,0,0,0,0,0,0,0,1
40026062,1106 DEUDORES VARIOS,1106-17 ANTICIPO REMUNERACIONES,,,,0,0,0,0,0,0,0,0,1
40026068,1106 DEUDORES VARIOS,1106-18 CTAS POR COBRAR RRHH,,,,0,0,0,0,0,0,0,0,1
40026125,1106 DEUDORES VARIOS,1106-19 ASIGNACION FAMILIAR,,,,0,0,0,0,0,0,0,0,1
40026443,1106 DEUDORES VARIOS,1106-20 CTA CTE STTARMAC,,,,0,0,0,0,0,0,0,0,1
40026126,1106 DEUDORES VARIOS,1106-21 CTA.CTE.EERR LAVASECO,,,,0,0,0,0,0,0,0,0,1
40026127,1106 DEUDORES VARIOS,1106-22 CTA.CTE.EERR NOVO,,,,0,0,0,0,0,0,0,0,1
40026128,1106 DEUDORES VARIOS,1106-23 CTA.CTE.EERR TRANSLAV,,,,0,0,0,0,0,0,0,0,1
40026129,1106 DEUDORES VARIOS,1106-24 CTA.CTE.EERR TRANSART,,,,0,0,0,0,0,0,0,0,1
40026143,1106 DEUDORES VARIOS,1106-25 CTA. CTE EERR TINTORERIA,,,,0,0,0,0,0,0,0,0,1
40026154,1106 DEUDORES VARIOS,1106-26 CTA EERR LABOCOCH,,,,0,0,0,0,0,0,0,0,1
40026165,1106 DEUDORES VARIOS,1106-27 CTA. CTE EERR T. LLAY LLAY,,,,0,0,0,0,0,0,0,0,1
40026166,1106 DEUDORES VARIOS,1106-28 CTA. CTE EERR IMB. MYS,,,,0,0,0,0,0,0,0,0,1
40026168,1106 DEUDORES VARIOS,1106-29 CTA. CTE EERR MASSU,,,,0,0,0,0,0,0,0,0,1
40026169,1106 DEUDORES VARIOS,1106-30 CTA. CTE EERR SABA Y SABA,,,,0,0,0,0,0,0,0,0,1
40026175,1106 DEUDORES VARIOS,1106-31 PRESTAMO A TERCEROS POR COBRAR,,,,0,0,0,0,0,0,0,0,1
40026184,1106 DEUDORES VARIOS,1106-32 DEUDORES VARIOS,,,,0,0,0,0,0,0,0,0,1
40026200,1106 DEUDORES VARIOS,1106-33 PRESTAMO POR COBRAR SOCIOS,,,,4000000,0,4000000,0,4000000,0,0,0,1
40026205,1106 DEUDORES VARIOS,1106-34 MAYOR/MENOR VALOR EERR,,,,0,0,0,0,0,0,0,0,1
40026209,1106 DEUDORES VARIOS,1106-35 APORTE CORFO,,,,0,0,0,0,0,0,0,0,1
40026236,1106 DEUDORES VARIOS,1106-36 AGENTE DE ADUANA,,,,0,0,0,0,0,0,0,0,1
40026272,1106 DEUDORES VARIOS,1106-37 CTA PARTICULAR L RONDON,,,,0,0,0,0,0,0,0,0,1
40026273,1106 DEUDORES VARIOS,1106-38 CTA PARTICULAR N VON KOELLER,,,,0,0,0,0,0,0,0,0,1
40026274,1106 DEUDORES VARIOS,1106-39 PRESTAMOS POR COBRAR A SBE,,,,0,0,0,0,0,0,0,0,1
40026275,1106 DEUDORES VARIOS,1106-40 INVERSION EN EMPRESA RELACIONADA,,,,0,0,0,0,0,0,0,0,1
40026329,1106 DEUDORES VARIOS,1106-41 CUENTAS POR COBRAR SBE,,,,0,0,0,0,0,0,0,0,1
40026345,1106 DEUDORES VARIOS,1106-42 CTA CTE AMABOOK,,,,0,0,0,0,0,0,0,0,1
40026346,1106 DEUDORES VARIOS,1106-43 CTA CTE DIGITALBOOKS,,,,0,0,0,0,0,0,0,0,1
40026376,1106 DEUDORES VARIOS,1106-44 DEUDOR PERÚ,,,,0,0,0,0,0,0,0,0,1
40026419,1106 DEUDORES VARIOS,1106-45 CHEQUES POR COBRAR,,,,0,0,0,0,0,0,0,0,1
40026446,1106 DEUDORES VARIOS,1106-46 CTA CTE FRAPADI,,,,0,0,0,0,0,0,0,0,1
40026458,1106 DEUDORES VARIOS,1106-47 MUTUOS POR COBRAR,,,,0,0,0,0,0,0,0,0,1
40026480,1106 DEUDORES VARIOS,1106-48 CTA CTE PROCEED,,,,0,0,0,0,0,0,0,0,1
40026522,1106 DEUDORES VARIOS,1106-49 INSCRIPCION MOTOCICLETAS,,,,0,0,0,0,0,0,0,0,1
40026546,1106 DEUDORES VARIOS,1106-50 INVERSIONES EN EL EXTRANJERO,,,,0,0,0,0,0,0,0,0,1
40026557,1106 DEUDORES VARIOS,1106-51 PRESTAMO A SAFI PERU,,,,0,0,0,0,0,0,0,0,1
40026561,1106 DEUDORES VARIOS,1106-52 OTRAS GARANTIAS,,,,0,0,0,0,0,0,0,0,1
40026603,1106 DEUDORES VARIOS,1106-53 CTA CTE EERR INV SANTA VICTORIA,,,,0,0,0,0,0,0,0,0,1
40026612,1106 DEUDORES VARIOS,1106-54 CTA CTE LUIS LEDESMA,,,,0,0,0,0,0,0,0,0,1
40026621,1106 DEUDORES VARIOS,1106-55 CTA POR COBRAR EERR PLAZA SUR,,,,0,0,0,0,0,0,0,0,1
40210954,1106 DEUDORES VARIOS,1106-56 INVERSION VINOEVENTOS SPA,,,,0,0,0,0,0,0,0,0,1
40026622,1106 DEUDORES VARIOS,1106-57 CTA POR COBRAR EERR CURICO,,,,0,0,0,0,0,0,0,0,1
40026623,1106 DEUDORES VARIOS,1106-58 CTA POR COBRAR EERR AGUIRRE Y VILLANUEVA,,,,0,0,0,0,0,0,0,0,1
40026629,1106 DEUDORES VARIOS,1106-59 CUENTA POR COBRAR EERR HELIDREAMS,,,,0,0,0,0,0,0,0,0,1
40026698,1106 DEUDORES VARIOS,1106-60 GPM CASA MATRIZ,,,,0,0,0,0,0,0,0,0,1
40026707,1106 DEUDORES VARIOS,1106-61 ANTICIPO DE VIATICO,,,,0,0,0,0,0,0,0,0,1
40026735,1106 DEUDORES VARIOS,1106-62 CTA CTE CLARITY SALES,,,,0,0,0,0,0,0,0,0,1
40026736,1106 DEUDORES VARIOS,1106-63 CTA CTE CLARITY AGRO,,,,0,0,0,0,0,0,0,0,1
40026737,1106 DEUDORES VARIOS,1106-64 CTA CTE CLARITY ENERGY,,,,0,0,0,0,0,0,0,0,1
40026738,1106 DEUDORES VARIOS,1106-65 CTA CTE SMARTCLARITY COLOMBIA SAS,,,,0,0,0,0,0,0,0,0,1
40026746,1106 DEUDORES VARIOS,1106-66 EMPRESAS RELACIONADAS COSTA RICA,,,,0,0,0,0,0,0,0,0,1
40026800,1106 DEUDORES VARIOS,1106-67 FONDOS POR RENDIR,,,,0,0,0,0,0,0,0,0,1
40026825,1106 DEUDORES VARIOS,1106-68 MATERIA PRIMA PRODUCCION EXTERNA,,,,0,0,0,0,0,0,0,0,1
40026826,1106 DEUDORES VARIOS,1106-69 MATERIA PRIMA PRODUCCION PROPIA,,,,0,0,0,0,0,0,0,0,1
40026827,1106 DEUDORES VARIOS,1106-70 PRODUCTO EN PROCESO,,,,0,0,0,0,0,0,0,0,1
40026828,1106 DEUDORES VARIOS,1106-71 PRODUCTO TERMINADO PICADO,,,,0,0,0,0,0,0,0,0,1
40026829,1106 DEUDORES VARIOS,1106-72 PRODUCTO TERMINADO TROZADO,,,,0,0,0,0,0,0,0,0,1
40026830,1106 DEUDORES VARIOS,1106-73 PRODUCTO TERMINADO CUBO,,,,0,0,0,0,0,0,0,0,1
40026831,1106 DEUDORES VARIOS,1106-74 PRODUCTO TERMINADO ENTERO,,,,0,0,0,0,0,0,0,0,1
40026832,1106 DEUDORES VARIOS,1106-75 SEMILLAS,,,,2394000,0,2394000,0,2394000,0,0,0,1
40026868,1106 DEUDORES VARIOS,1106-76 EMPRESA RELACIONADA RADAL SPA,,,,0,0,0,0,0,0,0,0,1
40026869,1106 DEUDORES VARIOS,1106-77 EMPRESA RELACIONADA EL PLOMO,,,,0,0,0,0,0,0,0,0,1
40026886,1106 DEUDORES VARIOS,1106-78 CUENTA CORRIENTE COSTA RICA,,,,0,0,0,0,0,0,0,0,1
40026888,1106 DEUDORES VARIOS,1106-79 CUENTA X COBRAR JUST BURGER,,,,0,0,0,0,0,0,0,0,1
40026916,1106 DEUDORES VARIOS,1106-80 EMP RELACIONADA 4M TRANSPORTE,,,,0,0,0,0,0,0,0,0,1
40026918,1106 DEUDORES VARIOS,1106-81 PRESTAMO A EMPRESA SOCIEDAD EDUACACIONAL DEPORTIVA SPA,,,,0,0,0,0,0,0,0,0,1
40026920,1106 DEUDORES VARIOS,1106-82 EMPRESA RELACIONADA QUIZAPU SPA,,,,0,0,0,0,0,0,0,0,1
40026940,1106 DEUDORES VARIOS,1106-83 PRODUCCION PACKING,,,,0,0,0,0,0,0,0,0,1
40026952,1106 DEUDORES VARIOS,1106-84 EMPRESA RELACIONADA CALBUCO,,,,0,0,0,0,0,0,0,0,1
40026970,1106 DEUDORES VARIOS,1106-85 CTA.CTE.EERR,,,,0,0,0,0,0,0,0,0,1
40026971,1106 DEUDORES VARIOS,1106-86 CTA CTE JOSE OVALLE,,,,0,0,0,0,0,0,0,0,1
40026982,1106 DEUDORES VARIOS,1106-87 PRESTAMO AL PERSONAL,,,,0,0,0,0,0,0,0,0,1
40027000,1106 DEUDORES VARIOS,1106-88 CTA. CTE. VARIAS,,,,0,0,0,0,0,0,0,0,1
40027007,1106 DEUDORES VARIOS,1106-89 CUENTA POR COBRAR ESPAÑA,,,,0,0,0,0,0,0,0,0,1
40027030,1106 DEUDORES VARIOS,1106-90 INVERSION INVERSIONES GRUPO KUPSAN SpA,,,,0,0,0,0,0,0,0,0,1
40155082,1106 DEUDORES VARIOS,1106-91 EMPRESA RELACIONADA JM HOME GROUP,,,,0,0,0,0,0,0,0,0,1
40155083,1106 DEUDORES VARIOS,1106-92 EMPRESA RELACIONADA TRANSPORTES TOMAR,,,,0,0,0,0,0,0,0,0,1
40210955,1106 DEUDORES VARIOS,1106-93 INVERSION DESCORCHADOS P Y R,,,,0,0,0,0,0,0,0,0,1
40210956,1106 DEUDORES VARIOS,1106-94 INVERSION BAROLO SPA,,,,0,0,0,0,0,0,0,0,1
40210957,1106 DEUDORES VARIOS,1106-95 INVERSION SOLERA SPA,,,,0,0,0,0,0,0,0,0,1
40025650,1107 DEUDORES INCOBRABLES,1107 DEUDORES INCOBRABLES,,,,0,0,0,0,0,0,0,0,1
40025651,1107 DEUDORES INCOBRABLES,1107-01 DEUDORES INCOBRABLES,,,,0,0,0,0,0,0,0,0,1
40026833,1107 DEUDORES INCOBRABLES,1107-02 PLANTACION DE ZAPALLOS,,,,0,0,0,0,0,0,0,0,1
40026921,1107 DEUDORES INCOBRABLES,1107-03 INSUMOS PACKING,,,,25894224,0,25894224,0,25894224,0,0,0,1
40026945,1107 DEUDORES INCOBRABLES,1107-04 INSUMOS,,,,0,0,0,0,0,0,0,0,1
40025652,1108 IMPTOS. POR RECUPERAR,1108 IMPTOS. POR RECUPERAR,,,,0,0,0,0,0,0,0,0,1
40025653,1108 IMPTOS. POR RECUPERAR,1108-01 PAGOS PROVISIONALES,,,,0,0,0,0,0,0,0,0,1
40025654,1108 IMPTOS. POR RECUPERAR,1108-02 IVA CREDITO FISCAL,,,,17070126,27705,17042421,0,17042421,0,0,0,1
40025655,1108 IMPTOS. POR RECUPERAR,1108-04 CREDITO ART. 33 BIS,,,,0,0,0,0,0,0,0,0,1
40026580,1108 IMPTOS. POR RECUPERAR,1108-05 CREDITO EMPRESA CONSTRUCTORA,,,,0,0,0,0,0,0,0,0,1
40025656,1108 IMPTOS. POR RECUPERAR,1108-06 CREDITO SENCE,,,,0,0,0,0,0,0,0,0,1
40025976,1108 IMPTOS. POR RECUPERAR,1108-07 IMPUESTOS POR RECUPERAR,,,,0,0,0,0,0,0,0,0,1
40026157,1108 IMPTOS. POR RECUPERAR,1108-08 IMPTO A LAS CARNES 5%,,,,0,0,0,0,0,0,0,0,1
40026454,1108 IMPTOS. POR RECUPERAR,1108-09 IMPUESTO ESPECIFICO DIESEL,,,,0,0,0,0,0,0,0,0,1
40026882,1108 IMPTOS. POR RECUPERAR,1108-10 REMANENTE IVA CREDITO,,,,0,0,0,0,0,0,0,0,1
40026964,1108 IMPTOS. POR RECUPERAR,1108-11 ANTICIPO CAMBIO DE SUJETO,,,,0,0,0,0,0,0,0,0,1
40025657,1109 EXISTENCIAS,1109 EXISTENCIAS,,,,0,0,0,0,0,0,0,0,1
40025658,1109 EXISTENCIAS,1109-01 MERCADERIAS,,,,0,0,0,0,0,0,0,0,1
40025659,1109 EXISTENCIAS,1109-02 INVENTARIO MAQUINARIA,,,,0,0,0,0,0,0,0,0,1
40025660,1109 EXISTENCIAS,1109-03 MATERIALES,,,,0,0,0,0,0,0,0,0,1
40025661,1109 EXISTENCIAS,1109-04 DESECHABLE FERTRI 1,,,,0,0,0,0,0,0,0,0,1
40025662,1109 EXISTENCIAS,1109-05 DESECHABLE FERTRI 2,,,,0,0,0,0,0,0,0,0,1
40025663,1109 EXISTENCIAS,1109-06 ENVASES Y ETIQUETAS,,,,0,0,0,0,0,0,0,0,1
40025929,1109 EXISTENCIAS,1109-07 UNIFORME PERSONAL,,,,0,0,0,0,0,0,0,0,1
40025948,1109 EXISTENCIAS,1109-08 MERCADERIAS ALFUCAL,,,,0,0,0,0,0,0,0,0,1
40025958,1109 EXISTENCIAS,1109-09 MERCADERIAS MANICURISTAS,,,,0,0,0,0,0,0,0,0,1
40025970,1109 EXISTENCIAS,1109-10 KERATINA LOCALES,,,,0,0,0,0,0,0,0,0,1
40025981,1109 EXISTENCIAS,1109-11 MERCADERIAS FERTRI 1,,,,0,0,0,0,0,0,0,0,1
40025982,1109 EXISTENCIAS,1109-12 MERCADERIAS FERTRI 2,,,,0,0,0,0,0,0,0,0,1
40025983,1109 EXISTENCIAS,1109-13 MERCADERIAS CORNER FER 1,,,,0,0,0,0,0,0,0,0,1
40025984,1109 EXISTENCIAS,1109-14 MERCADERIAS CORNER FER 2,,,,0,0,0,0,0,0,0,0,1
40026007,1109 EXISTENCIAS,1109-15 MERCADERIA SANTA LUCIA,,,,0,0,0,0,0,0,0,0,1
40026008,1109 EXISTENCIAS,1109-16 MERCADERIA LA NOVENA,,,,0,0,0,0,0,0,0,0,1
40026011,1109 EXISTENCIAS,1109-17 DESECHABLES,,,,0,0,0,0,0,0,0,0,1
40026012,1109 EXISTENCIAS,1109-18 MERCADERIA JM INTERMODAL,,,,0,0,0,0,0,0,0,0,1
40026019,1109 EXISTENCIAS,1109-19 DESECHABLE JM INTERMODAL,,,,0,0,0,0,0,0,0,0,1
40026033,1109 EXISTENCIAS,1109-20 MERCADERÍAS DOGGIS BANDERA,,,,0,0,0,0,0,0,0,0,1
40026034,1109 EXISTENCIAS,1109-21 DESECHABLE DOGGIS BANDERA,,,,0,0,0,0,0,0,0,0,1
40026035,1109 EXISTENCIAS,1109-22 MERCADERIAS JM BANDERA,,,,0,0,0,0,0,0,0,0,1
40026036,1109 EXISTENCIAS,1109-23 DESECHABLE JM BANDERA,,,,0,0,0,0,0,0,0,0,1
40026037,1109 EXISTENCIAS,1109-24 MERCADERIAS DOGGIS JAPIMAX,,,,0,0,0,0,0,0,0,0,1
40026038,1109 EXISTENCIAS,1109-25 DESECHABLE DOGGIS JAPIMAX,,,,0,0,0,0,0,0,0,0,1
40026039,1109 EXISTENCIAS,1109-26 MERCADERIAS JM JAPIMAX,,,,0,0,0,0,0,0,0,0,1
40026040,1109 EXISTENCIAS,1109-27 DESECHABLE JM JAPIMAX,,,,0,0,0,0,0,0,0,0,1
40026042,1109 EXISTENCIAS,1109-28 MERCADERÍAS DOGGIS ESPACIO M,,,,0,0,0,0,0,0,0,0,1
40026043,1109 EXISTENCIAS,1109-29 DESECHABLES DOGGIS ESPACIO M,,,,0,0,0,0,0,0,0,0,1
40026048,1109 EXISTENCIAS,1109-30 ARTICULOS DE ASEO,,,,0,0,0,0,0,0,0,0,1
40026049,1109 EXISTENCIAS,1109-31 ARTÍCULOS DE ESCRITORIO,,,,0,0,0,0,0,0,0,0,1
40026063,1109 EXISTENCIAS,1109-32 MERCADERÍAS DOGGIS MALL DEL CENTRO,,,,0,0,0,0,0,0,0,0,1
40026064,1109 EXISTENCIAS,1109-33 DESECHABLES DOGGIS MALL DEL CENTRO,,,,0,0,0,0,0,0,0,0,1
40026085,1109 EXISTENCIAS,1109-34 MERCD.JM ARAUCO MAIPU,,,,0,0,0,0,0,0,0,0,1
40026086,1109 EXISTENCIAS,1109-35 DESECH.JM ARAUCO MAIPI,,,,0,0,0,0,0,0,0,0,1
40026087,1109 EXISTENCIAS,1109-36 MERCAD.JM SN BDO.,,,,0,0,0,0,0,0,0,0,1
40026088,1109 EXISTENCIAS,1109-37 DESECH.JM SN BDO,,,,0,0,0,0,0,0,0,0,1
40026093,1109 EXISTENCIAS,1109-38 MERCD.NATANIEL COX,,,,0,0,0,0,0,0,0,0,1
40026094,1109 EXISTENCIAS,1109-39 DESECH.NATANIEL COX,,,,0,0,0,0,0,0,0,0,1
40026095,1109 EXISTENCIAS,1109-40 MERCD.EXPOSICION DOGGIS,,,,0,0,0,0,0,0,0,0,1
40026096,1109 EXISTENCIAS,1109-41 DESECH.EXPOSICION,,,,0,0,0,0,0,0,0,0,1
40026097,1109 EXISTENCIAS,1109-42 MERCD.PZA SUR SN BDO,,,,0,0,0,0,0,0,0,0,1
40026098,1109 EXISTENCIAS,1109-43 DESECH.PZA SUR SN BDO.,,,,0,0,0,0,0,0,0,0,1
40026099,1109 EXISTENCIAS,1109-44 MERCD.LIDER VM,,,,0,0,0,0,0,0,0,0,1
40026100,1109 EXISTENCIAS,1109-45 DESECH. LIDER VM,,,,0,0,0,0,0,0,0,0,1
40026104,1109 EXISTENCIAS,1109-46 MERC.QUILICURA,,,,0,0,0,0,0,0,0,0,1
40026105,1109 EXISTENCIAS,1109-47 DESECHABLE QUILICURA,,,,0,0,0,0,0,0,0,0,1
40026107,1109 EXISTENCIAS,1109-48 MERC.HUECHURABA,,,,0,0,0,0,0,0,0,0,1
40026108,1109 EXISTENCIAS,1109-49 DESECHABLE HUECHURABA,,,,0,0,0,0,0,0,0,0,1
40026110,1109 EXISTENCIAS,1109-50 MERC.RECOLETA,,,,0,0,0,0,0,0,0,0,1
40026111,1109 EXISTENCIAS,1109-51 DESECHABLE RECOLETA,,,,0,0,0,0,0,0,0,0,1
40026113,1109 EXISTENCIAS,1109-52 MERC.MANUT LOS ANDES,,,,0,0,0,0,0,0,0,0,1
40026114,1109 EXISTENCIAS,1109-53 DESC.MANUT LOS ANDES,,,,0,0,0,0,0,0,0,0,1
40026116,1109 EXISTENCIAS,1109-54 MERC.JM LOS ANDES,,,,0,0,0,0,0,0,0,0,1
40026117,1109 EXISTENCIAS,1109-55 DESC.JM LOS ANDES,,,,0,0,0,0,0,0,0,0,1
40026144,1109 EXISTENCIAS,1109-56 MERCADERIA EN TRANSITO,,,,0,0,0,0,0,0,0,0,1
40026162,1109 EXISTENCIAS,1109-58 MERC. TB ESPACIO M,,,,0,0,0,0,0,0,0,0,1
40026163,1109 EXISTENCIAS,1109-59 DESECHABLE TB ESPACIO M,,,,0,0,0,0,0,0,0,0,1
40026177,1109 EXISTENCIAS,1109-60 MERCADERIA APUMANQUE,,,,0,0,0,0,0,0,0,0,1
40026178,1109 EXISTENCIAS,1109-61 DESECHABLE APUMANQUE,,,,0,0,0,0,0,0,0,0,1
40026179,1109 EXISTENCIAS,1109-62 MERCADERIA COSTANERA,,,,0,0,0,0,0,0,0,0,1
40026180,1109 EXISTENCIAS,1109-63 DESECHABLE COSTANERA,,,,0,0,0,0,0,0,0,0,1
40026181,1109 EXISTENCIAS,1109-64 MERCADERIA ESC MILITAR,,,,0,0,0,0,0,0,0,0,1
40026182,1109 EXISTENCIAS,1109-65 DESECHABLE ESC MILITAR,,,,0,0,0,0,0,0,0,0,1
40026186,1109 EXISTENCIAS,1109-66 MERCADERIA DG IMPERIO,,,,0,0,0,0,0,0,0,0,1
40026187,1109 EXISTENCIAS,1109-67 DESECHABLE DG IMPERIO,,,,0,0,0,0,0,0,0,0,1
40026188,1109 EXISTENCIAS,1109-68 MERCADERIA TB APUMANQUE,,,,0,0,0,0,0,0,0,0,1
40026189,1109 EXISTENCIAS,1109-69 DESECHABLE TB APUMANQUE,,,,0,0,0,0,0,0,0,0,1
40026190,1109 EXISTENCIAS,1109-70 MERCADERIA TB ESCUELA MILITAR,,,,0,0,0,0,0,0,0,0,1
40026191,1109 EXISTENCIAS,1109-71 DESECHABLE TB ESCUELA MILITAR,,,,0,0,0,0,0,0,0,0,1
40026211,1109 EXISTENCIAS,1109-72 MERCADERIA DG REPUBLICA,,,,0,0,0,0,0,0,0,0,1
40026212,1109 EXISTENCIAS,1109-73 DESECHABLE DG REPUBLICA,,,,0,0,0,0,0,0,0,0,1
40026213,1109 EXISTENCIAS,1109-74 MERCADERIA JM REPUBLICA,,,,0,0,0,0,0,0,0,0,1
40026214,1109 EXISTENCIAS,1109-75 DESECHABLE JM REPUBLICA,,,,0,0,0,0,0,0,0,0,1
40026216,1109 EXISTENCIAS,1109-76 MERCADERIA MAMUT APOQUINDO,,,,0,0,0,0,0,0,0,0,1
40026217,1109 EXISTENCIAS,1109-77 DESECHABLE MAMUT APOQUINDO,,,,0,0,0,0,0,0,0,0,1
40026218,1109 EXISTENCIAS,1109-78 MERCADERIA MAMUT CERRO EL PLOMO,,,,0,0,0,0,0,0,0,0,1
40026219,1109 EXISTENCIAS,1109-79 DESECAHBLE MAMUT CERRO EL PLOMO,,,,0,0,0,0,0,0,0,0,1
40026235,1109 EXISTENCIAS,1109-80 TERRENOS POR VENDER,,,,0,0,0,0,0,0,0,0,1
40026280,1109 EXISTENCIAS,1109-81 LIBROS URANO,,,,0,0,0,0,0,0,0,0,1
40026281,1109 EXISTENCIAS,1109-82 PROYECTO SOL DE FRESIA,,,,0,0,0,0,0,0,0,0,1
40026282,1109 EXISTENCIAS,1109-83 PROYECTO SOL DE MUERMOS,,,,0,0,0,0,0,0,0,0,1
40026283,1109 EXISTENCIAS,1109-84 PROYECTO GEBAUER,,,,0,0,0,0,0,0,0,0,1
40026284,1109 EXISTENCIAS,1109-85 PROYECTO BERNARDITO,,,,0,0,0,0,0,0,0,0,1
40026285,1109 EXISTENCIAS,1109-86 LIBROS ALMUZARA DISTRIBUIDOS,,,,0,0,0,0,0,0,0,0,1
40026286,1109 EXISTENCIAS,1109-87 LIBROS SALAMANDRA DISTRIBUIDOS,,,,0,0,0,0,0,0,0,0,1
40026287,1109 EXISTENCIAS,1109-88 LIBROS NAVONA DISTRIBUIDOS,,,,0,0,0,0,0,0,0,0,1
40026288,1109 EXISTENCIAS,1109-89 LIBROS URANO ARGENTINA,,,,0,0,0,0,0,0,0,0,1
40026358,1109 EXISTENCIAS,1109-90 LIQUIDOS,,,,0,0,0,0,0,0,0,0,1
40026367,1109 EXISTENCIAS,1109-91 MERCADERIAS POR FACTURAR STTARMARC,,,,0,0,0,0,0,0,0,0,1
40026369,1109 EXISTENCIAS,1109-92 MERCADERIA MOTOS,,,,0,0,0,0,0,0,0,0,1
40026370,1109 EXISTENCIAS,1109-93 ACCESORIOS MOTOS,,,,0,0,0,0,0,0,0,0,1
40026384,1109 EXISTENCIAS,1109-94 PRODUCTOS ASTORGA,,,,0,0,0,0,0,0,0,0,1
40026385,1109 EXISTENCIAS,1109-95 PRODUCTOS CURICO CENTRO,,,,0,0,0,0,0,0,0,0,1
40026386,1109 EXISTENCIAS,1109-96 PRODUCTOS SAN FERNANDO,,,,0,0,0,0,0,0,0,0,1
40026387,1109 EXISTENCIAS,1109-97 PRODUCTOS MALL CURICO,,,,0,0,0,0,0,0,0,0,1
40026403,1109 EXISTENCIAS,1109-98 LIBROS HARPERCOLLINS DISTRIBUIDOS,,,,0,0,0,0,0,0,0,0,1
40026417,1109 EXISTENCIAS,1109-99 PRODUCTOS CHILLAN,,,,0,0,0,0,0,0,0,0,1
40025664,1110 GASTOS ANTICIPADOS,1110 GASTOS ANTICIPADOS,,,,0,0,0,0,0,0,0,0,1
40025665,1110 GASTOS ANTICIPADOS,1110-01 COMERCIO EXTERIOR,,,,0,0,0,0,0,0,0,0,1
40026563,1110 GASTOS ANTICIPADOS,1110-02 TRANSPORTE INTERNACIONALEN TRANSITO,,,,0,0,0,0,0,0,0,0,1
40025666,1110 GASTOS ANTICIPADOS,1110-03 SEGUROS,,,,0,0,0,0,0,0,0,0,1
40025667,1110 GASTOS ANTICIPADOS,1110-05 FLUCT. CREDITOS LARGO PLAZO,,,,0,0,0,0,0,0,0,0,1
40025668,1110 GASTOS ANTICIPADOS,1110-06 REMODELACION BIENES RAICES,,,,0,0,0,0,0,0,0,0,1
40025669,1110 GASTOS ANTICIPADOS,1110-07 ORG. Y PUESTA EN MARCHA,,,,0,0,0,0,0,0,0,0,1
40026183,1110 GASTOS ANTICIPADOS,1110-08 OBRAS EN EJECUCION,,,,0,0,0,0,0,0,0,0,1
40026405,1110 GASTOS ANTICIPADOS,1110-09 PROYECTO EN EJECUCION,,,,0,0,0,0,0,0,0,0,1
40026579,1110 GASTOS ANTICIPADOS,1110-10 DIFERENCIAS INVENTARIO,,,,0,0,0,0,0,0,0,0,1
40026701,1110 GASTOS ANTICIPADOS,1110-11 MATERIAS PRIMAS,,,,0,0,0,0,0,0,0,0,1
40026807,1110 GASTOS ANTICIPADOS,1110-12 PROYECTO EN CURSO PACKING,,,,0,0,0,0,0,0,0,0,1
40026823,1110 GASTOS ANTICIPADOS,1110-13 PALLETS,,,,484000,0,484000,0,484000,0,0,0,1
40026877,1110 GASTOS ANTICIPADOS,1110-14 PRODUCTO EN PROCESO,,,,0,0,0,0,0,0,0,0,1
40026878,1110 GASTOS ANTICIPADOS,1110-15 PRODUCTO TERMINADO PICADO,,,,0,0,0,0,0,0,0,0,1
40026879,1110 GASTOS ANTICIPADOS,1110-16 PRODUCTO TERMINADO TROZADO,,,,0,0,0,0,0,0,0,0,1
40026880,1110 GASTOS ANTICIPADOS,1110-17 PRODUCTO TERMINADO CUBO,,,,0,0,0,0,0,0,0,0,1
40026881,1110 GASTOS ANTICIPADOS,1110-18 PRODUCTO TERMINADO ENTERO,,,,0,0,0,0,0,0,0,0,1
40026895,1110 GASTOS ANTICIPADOS,1110-19 INSUMOS MERCH,,,,0,0,0,0,0,0,0,0,1
40026897,1110 GASTOS ANTICIPADOS,1110-20 MERCADERIA ACAÍ,,,,0,0,0,0,0,0,0,0,1
40026898,1110 GASTOS ANTICIPADOS,1110-21 MERCADERIA ACAÍ EN TRANSITO,,,,0,0,0,0,0,0,0,0,1
40026907,1110 GASTOS ANTICIPADOS,1110-22 VEHICULOS PARA VTA,,,,0,0,0,0,0,0,0,0,1
40026908,1110 GASTOS ANTICIPADOS,1110-23 MOTOS PARA VTA,,,,0,0,0,0,0,0,0,0,1
40026994,1110 GASTOS ANTICIPADOS,1110-24 FRUTAS Y VERDURAS,,,,0,0,0,0,0,0,0,0,1
40027031,1110 GASTOS ANTICIPADOS,1110-25 EXISTENCIA PAPEL IMPORTADO,,,,0,0,0,0,0,0,0,0,1
40027032,1110 GASTOS ANTICIPADOS,1110-26 EXISTENCIAS PAPEL CPP,,,,0,0,0,0,0,0,0,0,1
40027033,1110 GASTOS ANTICIPADOS,1110-27 EXISTENCIAS PAPEL CORDILLERA,,,,0,0,0,0,0,0,0,0,1
40027034,1110 GASTOS ANTICIPADOS,1110-28 EXISTENCIAS PAPEL CONCEPCION,,,,0,0,0,0,0,0,0,0,1
40027035,1110 GASTOS ANTICIPADOS,1110-29 EXISTENCIA PAPEL INTERLOG,,,,0,0,0,0,0,0,0,0,1
40027036,1110 GASTOS ANTICIPADOS,1110-30 EXISTENCIAS PAPEL OTROS,,,,0,0,0,0,0,0,0,0,1
40025670,1111 CTAS. CTES. SOCIOS,1111 CTAS. CTES. SOCIOS,,,,0,0,0,0,0,0,0,0,1
40025671,1111 CTAS. CTES. SOCIOS,1111-01 RETIRO SOCIOS,,,,0,0,0,0,0,0,0,0,1
40025672,1111 CTAS. CTES. SOCIOS,1111-02 RETIROS REINVERSION,,,,0,0,0,0,0,0,0,0,1
40026047,1111 CTAS. CTES. SOCIOS,1111-03 DIVIDENDOS,,,,0,0,0,0,0,0,0,0,1
40026331,1111 CTAS. CTES. SOCIOS,1111-04 ACCIONISTAS,,,,0,0,0,0,0,0,0,0,1
40026424,1111 CTAS. CTES. SOCIOS,1111-05 ACCIONES POR SUSCRIBIR,,,,0,0,0,0,0,0,0,0,1
40026544,1111 CTAS. CTES. SOCIOS,1111-06 ACCIONES,,,,0,0,0,0,0,0,0,0,1
40026545,1111 CTAS. CTES. SOCIOS,1111-07 CONTRATO  RENTA VITALICIA,,,,0,0,0,0,0,0,0,0,1
40026547,1111 CTAS. CTES. SOCIOS,1111-08 ACCIONES GRUPO KUPSAN,,,,0,0,0,0,0,0,0,0,1
40026548,1111 CTAS. CTES. SOCIOS,1111-09 ACCIONES CARTONPACK,,,,0,0,0,0,0,0,0,0,1
40026549,1111 CTAS. CTES. SOCIOS,1111-10 ACCIONES INMOBILIARIA KUPSAN,,,,0,0,0,0,0,0,0,0,1
40026634,1111 CTAS. CTES. SOCIOS,1111-11 ANTICIPO INDEMNIZACION,,,,0,0,0,0,0,0,0,0,1
40026977,1111 CTAS. CTES. SOCIOS,1111-12 ACCIONES HAIKE,,,,0,0,0,0,0,0,0,0,1
40026978,1111 CTAS. CTES. SOCIOS,1111-14 ACCIONES PICHIMAPU,,,,0,0,0,0,0,0,0,0,1
40026984,1111 CTAS. CTES. SOCIOS,1111-15 ACCIONES TRANSPORTES NOVARUTA,,,,0,0,0,0,0,0,0,0,1
40026985,1111 CTAS. CTES. SOCIOS,1111-16 ACCIONES NETDELSUR,,,,0,0,0,0,0,0,0,0,1
40026986,1111 CTAS. CTES. SOCIOS,1111-17 ACCIONES AYM,,,,0,0,0,0,0,0,0,0,1
40027004,1111 CTAS. CTES. SOCIOS,1111-18 ACCIONES ORIENTE,,,,0,0,0,0,0,0,0,0,1
40027005,1111 CTAS. CTES. SOCIOS,1111-19 ACCIONES PURA VIDA,,,,0,0,0,0,0,0,0,0,1
40027006,1111 CTAS. CTES. SOCIOS,1111-20 ACCIONES GASTRONOMIA,,,,0,0,0,0,0,0,0,0,1
40027068,1111 CTAS. CTES. SOCIOS,1111-21 ACCIONES RED MÉDICA,,,,0,0,0,0,0,0,0,0,1
40025673,1112 GASTOS DIFERIDOS,1112 GASTOS DIFERIDOS,,,,0,0,0,0,0,0,0,0,1
40025674,1112 GASTOS DIFERIDOS,1112-01 GASTOS REORGANIZACION,,,,0,0,0,0,0,0,0,0,1
40026149,1112 GASTOS DIFERIDOS,1112-02 INTERESES DIFERIDOS,,,,0,0,0,0,0,0,0,0,1
40026152,1112 GASTOS DIFERIDOS,1112-03 GASTOS DIFERIDOS,,,,0,0,0,0,0,0,0,0,1
40026368,1112 GASTOS DIFERIDOS,1112-04 GASTOS ANTICIPADOS,,,,0,0,0,0,0,0,0,0,1
40026754,1112 GASTOS DIFERIDOS,1112-05 INTERES LEASING,,,,0,0,0,0,0,0,0,0,1
40025675,1113 CUENTAS OBLIGADAS SOCIOS,1113 CUENTAS OBLIGADAS SOCIOS,,,,0,0,0,0,0,0,0,0,1
40025676,1113 CUENTAS OBLIGADAS SOCIOS,1113-01 CUENTAS OBLIGADAS SOCIOS,,,,0,0,0,0,0,0,0,0,1
40025677,1115 GASTOS TRIBUTARIOS,1115 GASTOS TRIBUTARIOS,,,,0,0,0,0,0,0,0,0,1
40025678,1115 GASTOS TRIBUTARIOS,1115-01 GASTOS TRIBUTARIOS,,,,0,0,0,0,0,0,0,0,1
40025679,1117 IMPORTACIONES EN TRANSITO,1117 IMPORTACIONES EN TRANSITO,,,,0,0,0,0,0,0,0,0,1
40025680,1117 IMPORTACIONES EN TRANSITO,1117-01 CTA. IMPORTACIONES,,,,0,0,0,0,0,0,0,0,1
40025681,1118 GASTOS RECHAZADOS,1118 GASTOS RECHAZADOS,,,,0,0,0,0,0,0,0,0,1
40025682,1118 GASTOS RECHAZADOS,1118-01 GASTOS RECHAZADOS,,,,0,0,0,0,0,0,0,0,1
40026530,1118 GASTOS RECHAZADOS,1118-02 CUENTAS POR COBRAR CEDIDAS,,,,0,0,0,0,0,0,0,0,1
40026537,1118 GASTOS RECHAZADOS,1118-03 DEPOSITO CLIENTE POR PAGAR,,,,0,0,0,0,0,0,0,0,1
40025683,,12 ACTIVO FIJO,,,,0,0,0,0,0,0,0,0,1
40026473,1201 ACTIVOS BIOLOGICOS,1201 ACTIVOS BIOLOGICOS,,,,0,0,0,0,0,0,0,0,1
40026474,1201 ACTIVOS BIOLOGICOS,1201-01 PLANTEL LECHERO,,,,0,0,0,0,0,0,0,0,1
40026475,1201 ACTIVOS BIOLOGICOS,1201-02 PLANTEL REPRODUCTOR,,,,0,0,0,0,0,0,0,0,1
40026816,1201 ACTIVOS BIOLOGICOS,1201-03 ANIMALES,,,,0,0,0,0,0,0,0,0,1
40025684,1202 BIENES RAICES,1202 BIENES RAICES,,,,0,0,0,0,0,0,0,0,1
40025685,1202 BIENES RAICES,1202-01 BIENES RAICES,,,,0,0,0,0,0,0,0,0,1
40026485,1202 BIENES RAICES,1202-02 CONSTRUCCION CASA,,,,0,0,0,0,0,0,0,0,1
40026493,1202 BIENES RAICES,1202-03 TERRENOS,,,,0,0,0,0,0,0,0,0,1
40026693,1202 BIENES RAICES,1202-04 CONTAINER,,,,0,0,0,0,0,0,0,0,1
40026811,1202 BIENES RAICES,1202-05 CONSTRUCCIONES,,,,0,0,0,0,0,0,0,0,1
40026498,1203 ACTIVOS LEASING,1203 ACTIVOS LEASING,,,,0,0,0,0,0,0,0,0,1
40026499,1203 ACTIVOS LEASING,1203-01 ACTIVOS LEASING,,,,0,0,0,0,0,0,0,0,1
40026663,1203 ACTIVOS LEASING,1203-04 MAQUINA HIDROLAVADORA,,,,0,0,0,0,0,0,0,0,1
40026664,1203 ACTIVOS LEASING,1203-05 PLANTA DE AGUA,,,,0,0,0,0,0,0,0,0,1
40026665,1203 ACTIVOS LEASING,1203-06 EQUIPO DE MONTAÑA,,,,0,0,0,0,0,0,0,0,1
40025686,1204 VEHICULOS Y EQUIP. TRANSP.,1204 VEHICULOS Y EQUIP. TRANSP.,,,,0,0,0,0,0,0,0,0,1
40025687,1204 VEHICULOS Y EQUIP. TRANSP.,1204-01 VEHICULOS,,,,0,0,0,0,0,0,0,0,1
40026253,1204 VEHICULOS Y EQUIP. TRANSP.,1204-02 VEHICULO EN LEASING,,,,0,0,0,0,0,0,0,0,1
40026581,1204 VEHICULOS Y EQUIP. TRANSP.,1204-03 HELICOPTEROS,,,,0,0,0,0,0,0,0,0,1
40026750,1204 VEHICULOS Y EQUIP. TRANSP.,1204-04 FOOD TRACK,,,,0,0,0,0,0,0,0,0,1
40026760,1204 VEHICULOS Y EQUIP. TRANSP.,1204-05 BODEGAS,,,,0,0,0,0,0,0,0,0,1
40026764,1204 VEHICULOS Y EQUIP. TRANSP.,1204-06 INSTRUMENTOS DE MEDICION,,,,0,0,0,0,0,0,0,0,1
40026765,1204 VEHICULOS Y EQUIP. TRANSP.,1204-06 INSTRUMENTOS DE MEDICION,,,,0,0,0,0,0,0,0,0,1
40026773,1204 VEHICULOS Y EQUIP. TRANSP.,1204-07 CARRO DE ARRASTRE,,,,0,0,0,0,0,0,0,0,1
40026819,1204 VEHICULOS Y EQUIP. TRANSP.,1204-08 BODEGA MODULAR,,,,0,0,0,0,0,0,0,0,1
40026980,1204 VEHICULOS Y EQUIP. TRANSP.,1204-09 ESTANQUE CAMION,,,,0,0,0,0,0,0,0,0,1
40027039,1204 VEHICULOS Y EQUIP. TRANSP.,1204-10 CAMION GRUA,,,,0,0,0,0,0,0,0,0,1
40027040,1204 VEHICULOS Y EQUIP. TRANSP.,1204-11 GRUA HORQUILLA,,,,0,0,0,0,0,0,0,0,1
40025688,1205 MAQUINARIAS Y EQUIPOS,1205 MAQUINARIAS Y EQUIPOS,,,,0,0,0,0,0,0,0,0,1
40025689,1205 MAQUINARIAS Y EQUIPOS,1205-01 MAQUINARIAS,,,,0,0,0,0,0,0,0,0,1
40026004,1205 MAQUINARIAS Y EQUIPOS,1205-02 FRANCHE FEE PAGADO,,,,0,0,0,0,0,0,0,0,1
40026005,1205 MAQUINARIAS Y EQUIPOS,1205-03 EQUIPOS COMPUTACIONALES,,,,0,0,0,0,0,0,0,0,1
40026006,1205 MAQUINARIAS Y EQUIPOS,1205-04 LETREROS,,,,0,0,0,0,0,0,0,0,1
40026142,1205 MAQUINARIAS Y EQUIPOS,1205-05 EQUIPOS DE AUDIO,,,,0,0,0,0,0,0,0,0,1
40026238,1205 MAQUINARIAS Y EQUIPOS,1205-06 PANTALLAS,,,,0,0,0,0,0,0,0,0,1
40026239,1205 MAQUINARIAS Y EQUIPOS,1205-07 ARTEFACTOS DE COCINA,,,,0,0,0,0,0,0,0,0,1
40026240,1205 MAQUINARIAS Y EQUIPOS,1205-08 COMPUTADORES Y OTROS,,,,0,0,0,0,0,0,0,0,1
40026241,1205 MAQUINARIAS Y EQUIPOS,1205-09 MUEBLES Y EQUIPOS,,,,0,0,0,0,0,0,0,0,1
40026256,1205 MAQUINARIAS Y EQUIPOS,1205-10 OBRAS EN EJECUCION,,,,0,0,0,0,0,0,0,0,1
40026476,1205 MAQUINARIAS Y EQUIPOS,1205-11 MAQUINARIAS TALLER,,,,0,0,0,0,0,0,0,0,1
40026483,1205 MAQUINARIAS Y EQUIPOS,1205-12 SISTEMA DE RIEGO,,,,0,0,0,0,0,0,0,0,1
40026642,1205 MAQUINARIAS Y EQUIPOS,1205-13 Drones,,,,0,0,0,0,0,0,0,0,1
40026690,1205 MAQUINARIAS Y EQUIPOS,1205-14 EQUIPOS DE ASEO,,,,0,0,0,0,0,0,0,0,1
40026696,1205 MAQUINARIAS Y EQUIPOS,1205-15 CAMARAS DE SEGURIDAD,,,,124100,0,124100,0,124100,0,0,0,1
40026723,1205 MAQUINARIAS Y EQUIPOS,1205-16 EQUIPOS TECNOLÓGICOS,,,,0,0,0,0,0,0,0,0,1
40026801,1205 MAQUINARIAS Y EQUIPOS,1205-17 EXTINTORES,,,,0,0,0,0,0,0,0,0,1
40026808,1205 MAQUINARIAS Y EQUIPOS,1205-18 EQUIPOS PARA SUSCRIPTORES,,,,0,0,0,0,0,0,0,0,1
40026809,1205 MAQUINARIAS Y EQUIPOS,1205-19 ANTENAS Y LINEA DE TRANSMISION,,,,0,0,0,0,0,0,0,0,1
40026810,1205 MAQUINARIAS Y EQUIPOS,1205-20 CABLES FIBRA OPTICA,,,,0,0,0,0,0,0,0,0,1
40026812,1205 MAQUINARIAS Y EQUIPOS,1205-21 IMPRESORAS,,,,0,0,0,0,0,0,0,0,1
40026834,1205 MAQUINARIAS Y EQUIPOS,1205-22 SELLADORA AUTOMATICA,,,,0,0,0,0,0,0,0,0,1
40026835,1205 MAQUINARIAS Y EQUIPOS,1205-23 TRASPALETA 2500 KG,,,,0,0,0,0,0,0,0,0,1
40026836,1205 MAQUINARIAS Y EQUIPOS,1205-24 GRUA HORQUILLA 1,,,,0,0,0,0,0,0,0,0,1
40026837,1205 MAQUINARIAS Y EQUIPOS,1205-25 CAMION EN LEASING,,,,0,0,0,0,0,0,0,0,1
40026838,1205 MAQUINARIAS Y EQUIPOS,1205-26 TRACTOR,,,,0,0,0,0,0,0,0,0,1
40026839,1205 MAQUINARIAS Y EQUIPOS,1205-27 PULVERIZADORA,,,,0,0,0,0,0,0,0,0,1
40026840,1205 MAQUINARIAS Y EQUIPOS,1205-28 PULVERIZADORA NEUMATICA,,,,0,0,0,0,0,0,0,0,1
40026841,1205 MAQUINARIAS Y EQUIPOS,1205-29 CONTENEDOR,,,,0,0,0,0,0,0,0,0,1
40026842,1205 MAQUINARIAS Y EQUIPOS,1205-30 DERECHO DE AGUA PARC.1 0.61,,,,0,0,0,0,0,0,0,0,1
40026871,1205 MAQUINARIAS Y EQUIPOS,1205-31 MAQUILA,,,,0,0,0,0,0,0,0,0,1
40026872,1205 MAQUINARIAS Y EQUIPOS,1205-32 PROYECTO EN CURSO PACKING,,,,0,0,0,0,0,0,0,0,1
40026873,1205 MAQUINARIAS Y EQUIPOS,1205-33 EQUIPOS,,,,0,0,0,0,0,0,0,0,1
40026874,1205 MAQUINARIAS Y EQUIPOS,1205-34 PARC. ROL 2045-066,,,,0,0,0,0,0,0,0,0,1
40026875,1205 MAQUINARIAS Y EQUIPOS,1205-35 PARC. ROL 390-483,,,,0,0,0,0,0,0,0,0,1
40026876,1205 MAQUINARIAS Y EQUIPOS,1205-36 PARC. ROL 390-484,,,,0,0,0,0,0,0,0,0,1
40027017,1205 MAQUINARIAS Y EQUIPOS,1205-37 MAQUINARIAS DEMOS,,,,0,0,0,0,0,0,0,0,1
40027027,1205 MAQUINARIAS Y EQUIPOS,1205-38 TRANSPALETAS,,,,0,0,0,0,0,0,0,0,1
40025690,1207 DEPRECIACION ACUMULADA (-),1207 DEPRECIACION ACUMULADA (-),,,,0,0,0,0,0,0,0,0,1
40025691,1207 DEPRECIACION ACUMULADA (-),1207-01 DEPRECIACION ACUMULADA M Y UT (-),,,,0,0,0,0,0,0,0,0,1
40025918,1207 DEPRECIACION ACUMULADA (-),1207-02 DEPRECIACION ACUMULADA M Y ENSERES (-),,,,0,0,0,0,0,0,0,0,1
40025919,1207 DEPRECIACION ACUMULADA (-),1207-03 DEPRECIACION ACUMULADA INSTALACIONES (-),,,,0,0,0,0,0,0,0,0,1
40025920,1207 DEPRECIACION ACUMULADA (-),1207-04 DEPRECIACION ACUMULADA P EN MARCHA (-),,,,0,0,0,0,0,0,0,0,1
40026136,1207 DEPRECIACION ACUMULADA (-),1207-05 DEPRECIACION ACUMULADA VEHICULOS,,,,0,0,0,0,0,0,0,0,1
40026153,1207 DEPRECIACION ACUMULADA (-),1207-07 AMORTIZACION ACUMULADA F-FEE,,,,0,0,0,0,0,0,0,0,1
40026185,1207 DEPRECIACION ACUMULADA (-),1207-08 DEPRECIACION ACUMULADA (-),,,,0,0,0,0,0,0,0,0,1
40026242,1207 DEPRECIACION ACUMULADA (-),1207-09 DEPRECIACION ACUMULADA PANTALLAS (-),,,,0,0,0,0,0,0,0,0,1
40026243,1207 DEPRECIACION ACUMULADA (-),1207-10 DEPRECIACION ACUMULADA ARTEFACTOS DE COCINA (-),,,,0,0,0,0,0,0,0,0,1
40026244,1207 DEPRECIACION ACUMULADA (-),1207-11 DEPRECIACION ACUMULADA COMPUTADORES Y OTROS (-),,,,0,0,0,0,0,0,0,0,1
40026245,1207 DEPRECIACION ACUMULADA (-),1207-12 DEPRECIACION ACUMULADA MUEBLES Y EQUIPOS (-),,,,0,0,0,0,0,0,0,0,1
40026250,1207 DEPRECIACION ACUMULADA (-),1207-13 DEPRECIACION ACUMULADA MAQUINARIAS (-),,,,0,0,0,0,0,0,0,0,1
40026477,1207 DEPRECIACION ACUMULADA (-),1207-14 DEPRECIACION ACUMULADA PLANTEL LECHERO,,,,0,0,0,0,0,0,0,0,1
40026635,1207 DEPRECIACION ACUMULADA (-),1207-15 DEPRECIACION ACUMULADA HERRAMIENTAS,,,,0,0,0,0,0,0,0,0,1
40026636,1207 DEPRECIACION ACUMULADA (-),1207-16 DEPRECIACION ACUMULADA BIENES RAICES,,,,0,0,0,0,0,0,0,0,1
40026638,1207 DEPRECIACION ACUMULADA (-),1207-17 DEPRECIACION ACUMULADA MAQUINAS DE OFICINA,,,,0,0,0,0,0,0,0,0,1
40026843,1207 DEPRECIACION ACUMULADA (-),1207-18 DEPRECIACION ACUMALADA HERRAMIENTAS,,,,0,0,0,0,0,0,0,0,1
40026844,1207 DEPRECIACION ACUMULADA (-),1207-19 DEPRECIACION ACUMALADA MAQUINARIAS Y EQUIPOS,,,,0,0,0,0,0,0,0,0,1
40026856,1207 DEPRECIACION ACUMULADA (-),1207-20 DEPRECIACION ACUMALADA EQUIPOS,,,,0,0,0,0,0,0,0,0,1
40026845,1207 DEPRECIACION ACUMULADA (-),1207-21 DEPRECIACION ACUMALADA EQUIPOS DE COMPUTACION,,,,0,0,0,0,0,0,0,0,1
40026846,1207 DEPRECIACION ACUMULADA (-),1207-22 DEPRECIACION ACUMALADA MUEBLES Y UTILES,,,,0,0,0,0,0,0,0,0,1
40027018,1207 DEPRECIACION ACUMULADA (-),1207-23 DEPRECIAICON ACUMULADA MAQUINARIAS DEMOS,,,,0,0,0,0,0,0,0,0,1
40027041,1207 DEPRECIACION ACUMULADA (-),1207-24 DEPRECIACION ACUMULADA CAMION GRUA,,,,0,0,0,0,0,0,0,0,1
40027042,1207 DEPRECIACION ACUMULADA (-),1207-25 DEPRECIACION ACUMULADA GRUA HORQUILLA,,,,0,0,0,0,0,0,0,0,1
40027043,1207 DEPRECIACION ACUMULADA (-),1207-26 DEPRECIACION ACUMULADA CONTENEDORES,,,,0,0,0,0,0,0,0,0,1
40027066,1207 DEPRECIACION ACUMULADA (-),1207-27 DEPRECIACIÓN ACUMULADA CELULARES,,,,0,0,0,0,0,0,0,0,1
40025692,1208 DEPRECIACION EJERCICIO (-),1208 DEPRECIACION EJERCICIO (-),,,,0,0,0,0,0,0,0,0,1
40025693,1208 DEPRECIACION EJERCICIO (-),1208-01 DEPRECIACION EJERCICIO (-),,,,0,0,0,0,0,0,0,0,1
40026759,1208 DEPRECIACION EJERCICIO (-),1208-02 AMORTIZACION DEL EJERCICIO (-),,,,0,0,0,0,0,0,0,0,1
40025694,1209 OTROS ACTIVOS FIJOS,1209 OTROS ACTIVOS FIJOS,,,,0,0,0,0,0,0,0,0,1
40025695,1209 OTROS ACTIVOS FIJOS,1209-01 MUEBLES UTILES E INSTALACIONES,,,,0,0,0,0,0,0,0,0,1
40025696,1209 OTROS ACTIVOS FIJOS,1209-02 HERRAMIENTAS Y ENSERES,,,,0,0,0,0,0,0,0,0,1
40025912,1209 OTROS ACTIVOS FIJOS,1209-03 INSTALACIONES,,,,0,0,0,0,0,0,0,0,1
40026148,1209 OTROS ACTIVOS FIJOS,1209-04 LOCAL DOGGIS MALL DEL CENTRO,,,,0,0,0,0,0,0,0,0,1
40026150,1209 OTROS ACTIVOS FIJOS,1209-05 LOCAL APUMANQUE TM,,,,0,0,0,0,0,0,0,0,1
40026198,1209 OTROS ACTIVOS FIJOS,1209-06 LOCALES COMERCIALES,,,,0,0,0,0,0,0,0,0,1
40026199,1209 OTROS ACTIVOS FIJOS,1209-07 GASTOS PUESTA EN MARCHA,,,,0,0,0,0,0,0,0,0,1
40026221,1209 OTROS ACTIVOS FIJOS,1209-08 AMORTIZACION GASTOS PUESTA EN MARCHA,,,,0,0,0,0,0,0,0,0,1
40026347,1209 OTROS ACTIVOS FIJOS,1209-09 MAQ. Y EQUIPOS COMPUTACIONAL,,,,0,0,0,0,0,0,0,0,1
40026348,1209 OTROS ACTIVOS FIJOS,1209-10 MAQ. Y EQUIPOS COM. COMUNIC.,,,,0,0,0,0,0,0,0,0,1
40026352,1209 OTROS ACTIVOS FIJOS,1209-11 IMPLEMENTACION DE NUEVOS SISTEMAS,,,,0,0,0,0,0,0,0,0,1
40026353,1209 OTROS ACTIVOS FIJOS,1209-12 AMORTIZAC.AC. LICENCIAS Y FRANQ.,,,,0,0,0,0,0,0,0,0,1
40026354,1209 OTROS ACTIVOS FIJOS,1209-13 AMORT. AC. IMPLEMENTAC. NUEVOS SIST.,,,,0,0,0,0,0,0,0,0,1
40026486,1209 OTROS ACTIVOS FIJOS,1209-14 CELULARES,,,,0,0,0,0,0,0,0,0,1
40026487,1209 OTROS ACTIVOS FIJOS,1209-15 EQUIPOS ELECTRONICOS,,,,0,0,0,0,0,0,0,0,1
40026488,1209 OTROS ACTIVOS FIJOS,1209-16 HERRAMIENTAS,,,,0,0,0,0,0,0,0,0,1
40026489,1209 OTROS ACTIVOS FIJOS,1209-17 MENAJE Y COCINA,,,,0,0,0,0,0,0,0,0,1
40026490,1209 OTROS ACTIVOS FIJOS,1209-18 ROPA DE CAMA,,,,0,0,0,0,0,0,0,0,1
40026491,1209 OTROS ACTIVOS FIJOS,1209-19 ELECTRODOMESTICOS,,,,0,0,0,0,0,0,0,0,1
40026492,1209 OTROS ACTIVOS FIJOS,1209-20 DECORACION,,,,0,0,0,0,0,0,0,0,1
40026507,1209 OTROS ACTIVOS FIJOS,1209-21 PLANTA PRODUCTIVA,,,,0,0,0,0,0,0,0,0,1
40026637,1209 OTROS ACTIVOS FIJOS,1209-22 MAQUINAS DE OFICINA,,,,0,0,0,0,0,0,0,0,1
40026749,1209 OTROS ACTIVOS FIJOS,1209-23 AMORTIZACION ACUMULADA,,,,0,0,0,0,0,0,0,0,1
40026787,1209 OTROS ACTIVOS FIJOS,1209-24 OTROS ACTIVOS,,,,0,0,0,0,0,0,0,0,1
40026998,1209 OTROS ACTIVOS FIJOS,1209-25 INFRAEST. ESTABLECIMIE NTOS,,,,0,0,0,0,0,0,0,0,1
40025697,,13 OTROS ACTIVOS,,,,0,0,0,0,0,0,0,0,1
40025698,1301 DERECHOS OTRAS EMPRESAS,1301 DERECHOS OTRAS EMPRESAS,,,,0,0,0,0,0,0,0,0,1
40025699,1301 DERECHOS OTRAS EMPRESAS,1301-01 DERECHOS OTRAS EMPRESAS,,,,0,0,0,0,0,0,0,0,1
40026349,1301 DERECHOS OTRAS EMPRESAS,1301-02 INVERSIONES EN EMPRESA RELACIONADAS,,,,0,0,0,0,0,0,0,0,1
40026541,1301 DERECHOS OTRAS EMPRESAS,1301-05 INVERSION EERR CARTONPACK,,,,0,0,0,0,0,0,0,0,1
40026542,1301 DERECHOS OTRAS EMPRESAS,1301-06 INVERSION EN EERR INMOVILIARIA KUPSAN,,,,0,0,0,0,0,0,0,0,1
40026543,1301 DERECHOS OTRAS EMPRESAS,1301-07 INVERSION EERR INVERSIONES GRUPO KUPSAN,,,,0,0,0,0,0,0,0,0,1
40026784,1301 DERECHOS OTRAS EMPRESAS,1301-08 INVERSIONES EN BOLSA,,,,0,0,0,0,0,0,0,0,1
40025700,1303 DERECHOS DE LLAVES,1303 DERECHOS DE LLAVES,,,,0,0,0,0,0,0,0,0,1
40025701,1303 DERECHOS DE LLAVES,1303-01 DERECHOS DE LLAVES,,,,0,0,0,0,0,0,0,0,1
40026197,1303 DERECHOS DE LLAVES,1303-02 SOFTWARE DESARROLLADO,,,,0,0,0,0,0,0,0,0,1
40026380,1303 DERECHOS DE LLAVES,1303-03 INVERSIONES EN OTRAS SOCIEDADES,,,,0,0,0,0,0,0,0,0,1
40026641,1303 DERECHOS DE LLAVES,1303-04 PAGINA INFORMATICA,,,,0,0,0,0,0,0,0,0,1
40026748,1303 DERECHOS DE LLAVES,1303-05 DERECHO DE MARCA,,,,0,0,0,0,0,0,0,0,1
40025702,1305 FLUCTUACION DE VALORES,1305 FLUCTUACION DE VALORES,,,,0,0,0,0,0,0,0,0,1
40025703,1305 FLUCTUACION DE VALORES,1305-01 FLUCTUACION DE VALORES,,,,0,0,0,0,0,0,0,0,1
40025704,1306 MARCAS COMERCIALES,1306 MARCAS COMERCIALES,,,,0,0,0,0,0,0,0,0,1
40025705,1306 MARCAS COMERCIALES,1306-01 FRANQUICIA,,,,0,0,0,0,0,0,0,0,1
40026350,1306 MARCAS COMERCIALES,1306-02 DERECHO DE AGUAS,,,,0,0,0,0,0,0,0,0,1
40026351,1306 MARCAS COMERCIALES,1306-03 LICENCIAS Y FRANQUICIAS,,,,0,0,0,0,0,0,0,0,1
40025706,,19 CUENTAS DE ORDEN DEBE,,,,0,0,0,0,0,0,0,0,1
40025707,1903 BOLETAS DE GARANTIA,1903 BOLETAS DE GARANTIA,,,,0,0,0,0,0,0,0,0,1
40025708,1903 BOLETAS DE GARANTIA,1903-01 BOLETAS DE GARANTIA,,,,0,0,0,0,0,0,0,0,1
40025709,1904 LETRAS DESCONTADAS,1904 LETRAS DESCONTADAS,,,,0,0,0,0,0,0,0,0,1
40025710,1904 LETRAS DESCONTADAS,1904-01 LETRAS DESCONTADAS,,,,0,0,0,0,0,0,0,0,1
40025711,1905 DOCUMENTOS EN GARANTIA,1905 DOCUMENTOS EN GARANTIA,,,,0,0,0,0,0,0,0,0,1
40025712,1905 DOCUMENTOS EN GARANTIA,1905-01 DOCUMENTOS EN GARANTIAS,,,,0,0,0,0,0,0,0,0,1
40026262,1905 DOCUMENTOS EN GARANTIA,1905-02 ARRIENDO EN GARANTIA,,,,0,0,0,0,0,0,0,0,1
40026363,1905 DOCUMENTOS EN GARANTIA,1905-03 INGRESOS FUTUROS,,,,0,0,0,0,0,0,0,0,1
40026813,1905 DOCUMENTOS EN GARANTIA,1905-04 CESIÓN DERECHO DE VEHICULOS,,,,0,0,0,0,0,0,0,0,1
40025713,1906 ACCIONES SUSCRITAS,1906 ACCIONES SUSCRITAS,,,,0,0,0,0,0,0,0,0,1
40025714,1906 ACCIONES SUSCRITAS,1906-01 ACCIONES SUSCRITAS,,,,0,0,0,0,0,0,0,0,1
40026478,1906 ACCIONES SUSCRITAS,1906-02 CUOTAS COLUN,,,,0,0,0,0,0,0,0,0,1
40026145,1907 INTERES DIFERIDO,1907 INTERES DIFERIDO,,,,0,0,0,0,0,0,0,0,1
40026146,1907 INTERES DIFERIDO,1907-01 INTERES DIFERIDO CREDITO,,,,0,0,0,0,0,0,0,0,1
40026755,1907 INTERES DIFERIDO,1907-02 INTERESES POR CONVENIOS TESORERIA,,,,0,0,0,0,0,0,0,0,1
40026762,1907 INTERES DIFERIDO,1907-03 SEGURO CREDITO,,,,0,0,0,0,0,0,0,0,1
40026959,1907 INTERES DIFERIDO,1907-04 INTERESES PRESTAMO TERCEROS,,,,0,0,0,0,0,0,0,0,1
40027046,1907 INTERES DIFERIDO,1907-05 COMISIONES DIFERIDAS CREDITO,,,,0,0,0,0,0,0,0,0,1
40025715,,2 PASIVOS,,,,0,0,0,0,0,0,0,0,2
40025716,,21 PASIVO CIRCULANTE,,,,0,0,0,0,0,0,0,0,2
40025717,2101 BANCOS ACREEDORES,2101 BANCOS ACREEDORES,,,,0,0,0,0,0,0,0,0,2
40025718,2101 BANCOS ACREEDORES,2101-01 EGRESOS FUNDACION,,,,0,0,0,0,0,0,0,0,2
40026067,2101 BANCOS ACREEDORES,2101-02 OBLIG.CON BANCOS CORTO PLAZO,,,,0,0,0,0,0,0,0,0,2
40026147,2101 BANCOS ACREEDORES,2101-03 LINEA DE SOBREGIRO BANCO DE CHILE,,,,0,0,0,0,0,0,0,0,2
40026192,2101 BANCOS ACREEDORES,2101-04 LINEA DE CREDITO BCO SANTANDER,,,,0,0,0,0,0,0,0,0,2
40026193,2101 BANCOS ACREEDORES,2101-05 LINEA DE CREDITO BCO BBVA,,,,0,0,0,0,0,0,0,0,2
40026246,2101 BANCOS ACREEDORES,2101-06 LINEA DE SOBREGIRO BCI,,,,0,0,0,0,0,0,0,0,2
40026247,2101 BANCOS ACREEDORES,2101-07 LINEA DE SOBREGIRO SECURITY,,,,0,0,0,0,0,0,0,0,2
40026248,2101 BANCOS ACREEDORES,2101-08 LINEA COMERCIO EXTERIOR,,,,0,0,0,0,0,0,0,0,2
40026258,2101 BANCOS ACREEDORES,2101-09 LINEA COMEX ITAU USD,,,,0,0,0,0,0,0,0,0,2
40026259,2101 BANCOS ACREEDORES,2101-10 LINEA COMEX SANTANDER USD,,,,0,0,0,0,0,0,0,0,2
40026337,2101 BANCOS ACREEDORES,2101-11 LINEA DE CREDITO BANCO ITAÚ,,,,0,0,0,0,0,0,0,0,2
40026071,2101 BANCOS ACREEDORES,2101-12 OBLIG.C/BCO.CHILE CORTO PLAZO,,,,0,0,0,0,0,0,0,0,2
40026072,2101 BANCOS ACREEDORES,2101-13 OBLIG.C/BCO.STDER CORTO PLAZO,,,,0,0,0,0,0,0,0,0,2
40026229,2101 BANCOS ACREEDORES,2101-14 OBLIG.C/BCO.SECURITY CORTO PLAZO,,,,0,0,0,0,0,0,0,0,2
40026260,2101 BANCOS ACREEDORES,2101-15 ACREEDORES POR LEASING CORTO PLAZO,,,,0,0,0,0,0,0,0,0,2
40026263,2101 BANCOS ACREEDORES,2101-16 LINEA COMEX ITAU EURO,,,,0,0,0,0,0,0,0,0,2
40026264,2101 BANCOS ACREEDORES,2101-17 LINEA COMEX SANTANDER EURO,,,,0,0,0,0,0,0,0,0,2
40026338,2101 BANCOS ACREEDORES,2101-18 LINEA DE CREDITO BCO CHILE,,,,0,0,0,0,0,0,0,0,2
40026340,2101 BANCOS ACREEDORES,2101-19 LINEA DE CREDITO BANCO INTERNACIONAL,,,,0,0,0,0,0,0,0,0,2
40026360,2101 BANCOS ACREEDORES,2101-20 OBLIGACIONES A C/PLAZO BCO SCOTIBANK,,,,0,0,0,0,0,0,0,0,2
40026361,2101 BANCOS ACREEDORES,2101-21 OBLIGACIONES A C/PLAZO BCO ESTADO,,,,0,0,0,0,0,0,0,0,2
40026362,2101 BANCOS ACREEDORES,2101-22 LINEA DE CREDITO BCO ESTADO,,,,0,0,0,0,0,0,0,0,2
40026365,2101 BANCOS ACREEDORES,2101-23 LINEA DE CREDITO BCO SCOTIABANK,,,,0,0,0,0,0,0,0,0,2
40026371,2101 BANCOS ACREEDORES,2101-24 OBLIGACIONES A C/PLAZO BCO ITAU,,,,0,0,0,0,0,0,0,0,2
40026381,2101 BANCOS ACREEDORES,2101-25 LINEA CREDITO BANCO BCI,,,,0,0,0,0,0,0,0,0,2
40026397,2101 BANCOS ACREEDORES,2101-26 OBLIGACIONES C/PLAZO CONSORCIO,,,,0,0,0,0,0,0,0,0,2
40026420,2101 BANCOS ACREEDORES,2101-27 LINEA COMEX BCO CHILE USD,,,,0,0,0,0,0,0,0,0,2
40026421,2101 BANCOS ACREEDORES,2101-28 LINEA COMEX BCO CHILE EURO,,,,0,0,0,0,0,0,0,0,2
40026422,2101 BANCOS ACREEDORES,2101-29 LINEA COMEX BCO SECURITY USD,,,,0,0,0,0,0,0,0,0,2
40026423,2101 BANCOS ACREEDORES,2101-30 LINEA COMEX BCO SECURITY EURO,,,,0,0,0,0,0,0,0,0,2
40026495,2101 BANCOS ACREEDORES,2101-31 LINEA COMEX USD BCO ESTADO,,,,0,0,0,0,0,0,0,0,2
40026496,2101 BANCOS ACREEDORES,2101-32 LINEA COMEX EURO BCO ESTADO,,,,0,0,0,0,0,0,0,0,2
40026503,2101 BANCOS ACREEDORES,2101-33 Credito Leasing BCI,,,,0,0,0,0,0,0,0,0,2
40026609,2101 BANCOS ACREEDORES,2101-34 CUENTA CORRIENTE MERCANTIL,,,,0,0,0,0,0,0,0,0,2
40026651,2101 BANCOS ACREEDORES,2101-35 CAJA CHICA POR PAGAR,,,,0,0,0,0,0,0,0,0,2
40026847,2101 BANCOS ACREEDORES,2101-36 PRESTAMO PATRICIA RIOS L/PLAZO,,,,0,0,0,0,0,0,0,0,2
40026848,2101 BANCOS ACREEDORES,2101-37 PRESTAMO CRISSE ACEVEDO L/PLAZO,,,,718821,0,718821,0,718821,0,0,0,2
40026931,2101 BANCOS ACREEDORES,2101-38 LINEA SOBREGIRO B.INTERNACIONAL,,,,0,0,0,0,0,0,0,0,2
40026967,2101 BANCOS ACREEDORES,2101-39 CUENTA CORRIENTE MERCANTIL DERMAPLASTIC,,,,0,0,0,0,0,0,0,0,2
40026972,2101 BANCOS ACREEDORES,2101-40 CUENTAS POR COBRAR SYMPLE MEXICO,,,,0,0,0,0,0,0,0,0,2
40026973,2101 BANCOS ACREEDORES,2101-41 LINEA SOBREGIRO BANCO BICE,,,,0,0,0,0,0,0,0,0,2
40026073,2102 OBLIGACION CON BCOS.CTAS C/PLAZO,2102 OBLIGACION CON BCOS.CTAS C/PLAZO,,,,0,0,0,0,0,0,0,0,2
40026849,2102 OBLIGACION CON BCOS.CTAS C/PLAZO,2102-01 PRESTAMO BCO. BCI HIPOTECARIO 202,,,,2374033,0,2374033,0,2374033,0,0,0,2
40026850,2102 OBLIGACION CON BCOS.CTAS C/PLAZO,2102-02 PRESTAMO BCO. BCI L/PLAZO 2023,,,,0,0,0,0,0,0,0,0,2
40026851,2102 OBLIGACION CON BCOS.CTAS C/PLAZO,2102-03 PRESTAMO BCO. CHILE C/PLAZO 2023,,,,0,0,0,0,0,0,0,0,2
40026074,2102 OBLIGACION CON BCOS.CTAS C/PLAZO,2102-12 OBLIG.C/BCO.CHILE CUOTA C/PLAZO,,,,0,0,0,0,0,0,0,0,2
40026075,2102 OBLIGACION CON BCOS.CTAS C/PLAZO,2102-13 OBLIG.C/BCO.STDER CUOTA C/PLAZO,,,,0,0,0,0,0,0,0,0,2
40026500,2102 OBLIGACION CON BCOS.CTAS C/PLAZO,2102-14 OBLIG CON BCO SCOTIABANK,,,,0,0,0,0,0,0,0,0,2
40026501,2102 OBLIGACION CON BCOS.CTAS C/PLAZO,2102-15 OBLIG CON LEASING,,,,0,0,0,0,0,0,0,0,2
40026692,2102 OBLIGACION CON BCOS.CTAS C/PLAZO,2102-16 REMESA BANCO ESTADO,,,,0,0,0,0,0,0,0,0,2
40026883,2102 OBLIGACION CON BCOS.CTAS C/PLAZO,2102-17 PRESTAMO 1 BCO. CHILE C/PLAZO,,,,0,0,0,0,0,0,0,0,2
40026884,2102 OBLIGACION CON BCOS.CTAS C/PLAZO,2102-18 PRESTAMO 2 BCO. CHILE L/PLAZO,,,,0,0,0,0,0,0,0,0,2
40026885,2102 OBLIGACION CON BCOS.CTAS C/PLAZO,2102-19 PRESTAMO 3 BCO. CHILE L/PLAZO,,,,0,0,0,0,0,0,0,0,2
40026949,2102 OBLIGACION CON BCOS.CTAS C/PLAZO,2102-20 CREDITO AUTOMOTRIZ BK 473086,,,,0,0,0,0,0,0,0,0,2
40026950,2102 OBLIGACION CON BCOS.CTAS C/PLAZO,2102-21 CREDITO AUTOMOTRIZ BK 485347,,,,0,0,0,0,0,0,0,0,2
40025719,2104 DIVIDENDOS POR PAGAR,2104 DIVIDENDOS POR PAGAR,,,,0,0,0,0,0,0,0,0,2
40025720,2104 DIVIDENDOS POR PAGAR,2104-01 DIVIDENDOS POR PAGAR,,,,0,0,0,0,0,0,0,0,2
40026594,2104 DIVIDENDOS POR PAGAR,2104-02 GARANTIAS DE ARRIENDO POR PAGAR,,,,0,0,0,0,0,0,0,0,2
40026756,2104 DIVIDENDOS POR PAGAR,2104-03 GASTO COMUN ANTICIPADO,,,,0,0,0,0,0,0,0,0,2
40025721,2105 CUENTAS POR PAGAR,2105 CUENTAS POR PAGAR,,,,0,0,0,0,0,0,0,0,2
40025722,2105 CUENTAS POR PAGAR,2105-01 FACTURAS POR PAGAR,,,,89099069,108877082,0,19778013,0,19778013,0,0,2
40025723,2105 CUENTAS POR PAGAR,2105-02 IMP GIRADOS,,,,0,0,0,0,0,0,0,0,2
40025724,2105 CUENTAS POR PAGAR,2105-03 CUENTA POR PAGAR MLT FRANCIA,,,,0,0,0,0,0,0,0,0,2
40025913,2105 CUENTAS POR PAGAR,2105-04 HONORARIOS POR PAGAR,,,,927500,927500,0,0,0,0,0,0,2
40025980,2105 CUENTAS POR PAGAR,2105-05 PROVEEDORES LOCAL DOGGIS,,,,0,0,0,0,0,0,0,0,2
40026021,2105 CUENTAS POR PAGAR,2105-06 FACT X P FERTRI 1,,,,0,0,0,0,0,0,0,0,2
40026022,2105 CUENTAS POR PAGAR,2105-07 FACT X PAGAR FERTRI 2,,,,0,0,0,0,0,0,0,0,2
40026023,2105 CUENTAS POR PAGAR,2105-08 FACT X PAGAR JM FERTRI,,,,0,0,0,0,0,0,0,0,2
40026024,2105 CUENTAS POR PAGAR,2105-09 FACT X PAGAR JM BANDERA,,,,0,0,0,0,0,0,0,0,2
40026025,2105 CUENTAS POR PAGAR,2105-10 FACT X PAGAR JM JAPIMAX,,,,0,0,0,0,0,0,0,0,2
40026026,2105 CUENTAS POR PAGAR,2105-11 FACT X PAGAR DOG BANDERA,,,,0,0,0,0,0,0,0,0,2
40026027,2105 CUENTAS POR PAGAR,2105-12 FACT X PAGAR DOG JAPIMAX,,,,0,0,0,0,0,0,0,0,2
40026028,2105 CUENTAS POR PAGAR,2105-13 FACT X PAGAR ESPACIO M,,,,0,0,0,0,0,0,0,0,2
40026029,2105 CUENTAS POR PAGAR,2105-14 FACT X PAGAR APUMANQUE,,,,0,0,0,0,0,0,0,0,2
40026030,2105 CUENTAS POR PAGAR,2105-15 FACT X PAGAR ESC MILITAR,,,,0,0,0,0,0,0,0,0,2
40026031,2105 CUENTAS POR PAGAR,2105-16 FACT X PAGAR COSTANERA C,,,,0,0,0,0,0,0,0,0,2
40026032,2105 CUENTAS POR PAGAR,2105-17 PROVEEDORES NACIONALES,,,,0,0,0,0,0,0,0,0,2
40026061,2105 CUENTAS POR PAGAR,2105-18 REMUNERACIONES POR PAGAR,,,,0,0,0,0,0,0,0,0,2
40026065,2105 CUENTAS POR PAGAR,2105-19 FACT  X PAGAR DOG MALL DEL CENTRO,,,,0,0,0,0,0,0,0,0,2
40026070,2105 CUENTAS POR PAGAR,2105-20 FACT.OFICINA,,,,0,0,0,0,0,0,0,0,2
40026082,2105 CUENTAS POR PAGAR,2105-21 FACT.X PAGAR JM PTE.ALTO.,,,,0,0,0,0,0,0,0,0,2
40026083,2105 CUENTAS POR PAGAR,2105-22 FXP JM ARAUCO MAIPU,,,,0,0,0,0,0,0,0,0,2
40026084,2105 CUENTAS POR PAGAR,2105-23 FXP JM SN BDO,,,,0,0,0,0,0,0,0,0,2
40026089,2105 CUENTAS POR PAGAR,2105-24 FXP NATANIEL COX,,,,0,0,0,0,0,0,0,0,2
40026090,2105 CUENTAS POR PAGAR,2105-25 FXP EXPOSICION,,,,0,0,0,0,0,0,0,0,2
40026091,2105 CUENTAS POR PAGAR,2105-26 FXP PZA.SUR SN.BDO,,,,0,0,0,0,0,0,0,0,2
40026092,2105 CUENTAS POR PAGAR,2105-27 FXP LIDER VM,,,,0,0,0,0,0,0,0,0,2
40026135,2105 CUENTAS POR PAGAR,2105-28 REMUNERACIONES POR PAGAR 2017,,,,0,0,0,0,0,0,0,0,2
40026570,2105 CUENTAS POR PAGAR,2105-29 OTROS PROVEEDORES EXTRANJEROS,,,,0,0,0,0,0,0,0,0,2
40026106,2105 CUENTAS POR PAGAR,2105-47 FXP QUILICURA,,,,0,0,0,0,0,0,0,0,2
40026109,2105 CUENTAS POR PAGAR,2105-48 FXP HUECHURABA,,,,0,0,0,0,0,0,0,0,2
40026112,2105 CUENTAS POR PAGAR,2105-50 FXP RECOLETA,,,,0,0,0,0,0,0,0,0,2
40026115,2105 CUENTAS POR PAGAR,2105-52 FXP MAMUT LOS ANDES,,,,0,0,0,0,0,0,0,0,2
40026118,2105 CUENTAS POR PAGAR,2105-54 FXP JM LOS ANDES,,,,0,0,0,0,0,0,0,0,2
40026164,2105 CUENTAS POR PAGAR,2105-55 FXR TB ESPACIO M,,,,0,0,0,0,0,0,0,0,2
40026195,2105 CUENTAS POR PAGAR,2105-56 DEVOLUCION DE TRABAJADORES,,,,0,0,0,0,0,0,0,0,2
40026225,2105 CUENTAS POR PAGAR,2105-57 PROVEEDORES POR IDENTIFICAR,,,,0,0,0,0,0,0,0,0,2
40026289,2105 CUENTAS POR PAGAR,2105-58 PROVEEDORES,,,,0,0,0,0,0,0,0,0,2
40026290,2105 CUENTAS POR PAGAR,2105-59 PROVEEDOR OBELISCO,,,,0,0,0,0,0,0,0,0,2
40026291,2105 CUENTAS POR PAGAR,2105-60 PROVEEDOR SIRIOS,,,,0,0,0,0,0,0,0,0,2
40026292,2105 CUENTAS POR PAGAR,2105-61 PROVEEDOR KAIROS,,,,0,0,0,0,0,0,0,0,2
40026293,2105 CUENTAS POR PAGAR,2105-62 PROVEEDOR ALMUZARA,,,,0,0,0,0,0,0,0,0,2
40026294,2105 CUENTAS POR PAGAR,2105-63 PROVEEDOR SALAMANDRA,,,,0,0,0,0,0,0,0,0,2
40026295,2105 CUENTAS POR PAGAR,2105-64 PROVEEDOR MLT PERU,,,,0,0,0,0,0,0,0,0,2
40026511,2105 CUENTAS POR PAGAR,2105-65 PROVEEDORES POR PAGAR,,,,0,0,0,0,0,0,0,0,2
40026512,2105 CUENTAS POR PAGAR,2105-66 PROVEEDORES MLT FRANCIA,,,,0,0,0,0,0,0,0,0,2
40026781,2105 CUENTAS POR PAGAR,2105-67 CONTRIBUCIONES POR PAGAR,,,,0,0,0,0,0,0,0,0,2
40027055,2105 CUENTAS POR PAGAR,2105-68 PROVEEDORES EXTRANJEROS LOE,,,,0,0,0,0,0,0,0,0,2
40025725,2106 DOCTOS. POR PAGAR,2106 DOCTOS. POR PAGAR,,,,0,0,0,0,0,0,0,0,2
40025726,2106 DOCTOS. POR PAGAR,2106-01 LETRAS POR PAGAR,,,,0,0,0,0,0,0,0,0,2
40025952,2106 DOCTOS. POR PAGAR,2106-02 CHEQUES POR PAGAR,,,,0,0,0,0,0,0,0,0,2
40025727,2106 DOCTOS. POR PAGAR,2106-03 CREDITOS DOCUMENTARIOS,,,,0,0,0,0,0,0,0,0,2
40025917,2106 DOCTOS. POR PAGAR,2106-04 CUENTAS POR PAGAR SOCIOS,,,,0,0,0,0,0,0,0,0,2
40025959,2106 DOCTOS. POR PAGAR,2106-05 RECAUDACION APOQUINDO,,,,0,0,0,0,0,0,0,0,2
40025960,2106 DOCTOS. POR PAGAR,2106-06 RECUAUDACION PROVIDENCIA,,,,0,0,0,0,0,0,0,0,2
40025961,2106 DOCTOS. POR PAGAR,2106-07 TRANSBANK APOQUINDO,,,,0,0,0,0,0,0,0,0,2
40025962,2106 DOCTOS. POR PAGAR,2106-08 RECUDACION PROVIDENCIA,,,,0,0,0,0,0,0,0,0,2
40025963,2106 DOCTOS. POR PAGAR,2106-09 CREDITO BANCO CHILE,,,,0,0,0,0,0,0,0,0,2
40025964,2106 DOCTOS. POR PAGAR,2106-10 Prestamo Socios Nuevos Locales,,,,0,0,0,0,0,0,0,0,2
40025972,2106 DOCTOS. POR PAGAR,2106-11 Cuentas por Pagar EERR,,,,0,0,0,0,0,0,0,0,2
40025977,2106 DOCTOS. POR PAGAR,2106-12 Tarjeta Visa por Pagar,,,,1823500,0,1823500,0,1823500,0,0,0,2
40026000,2106 DOCTOS. POR PAGAR,2106-13 FINIQUITO POR PAGAR,,,,2500000,0,2500000,0,2500000,0,0,0,2
40026009,2106 DOCTOS. POR PAGAR,2106-14 LC SANTANDER,,,,0,0,0,0,0,0,0,0,2
40026010,2106 DOCTOS. POR PAGAR,2106-15 LC BCO CHILE,,,,0,0,0,0,0,0,0,0,2
40026051,2106 DOCTOS. POR PAGAR,2106-16 GASTOS POR PAGAR,,,,0,0,0,0,0,0,0,0,2
40026052,2106 DOCTOS. POR PAGAR,2106-17 PRÉSTAMO PGF,,,,0,0,0,0,0,0,0,0,2
40026101,2106 DOCTOS. POR PAGAR,2106-18 CREDITO BANCO SANTANDER,,,,0,0,0,0,0,0,0,0,2
40026174,2106 DOCTOS. POR PAGAR,2106-19 PRESTAMO SOCIOS,,,,0,0,0,0,0,0,0,0,2
40026210,2106 DOCTOS. POR PAGAR,2106-20 SUBSIDIO CORFO,,,,0,0,0,0,0,0,0,0,2
40026223,2106 DOCTOS. POR PAGAR,2106-21 CUENTAS POR PAGAR,,,,0,3206900,0,3206900,0,3206900,0,0,2
40026276,2106 DOCTOS. POR PAGAR,2106-22 PRESTAMO POR PAGAR A LAS ARAUCARIAS,,,,0,0,0,0,0,0,0,0,2
40026330,2106 DOCTOS. POR PAGAR,2106-23 CUENTAS POR PAGAR ARAUCARIAS,,,,0,0,0,0,0,0,0,0,2
40026357,2106 DOCTOS. POR PAGAR,2106-24 PPM POR PAGAR,,,,0,0,0,0,0,0,0,0,2
40026432,2106 DOCTOS. POR PAGAR,2106-25 TARJETA CREDITO BCO CHILE,,,,0,0,0,0,0,0,0,0,2
40026444,2106 DOCTOS. POR PAGAR,2106-26 PRESTAMO POR PAGAR SUDAMERICANA,,,,0,0,0,0,0,0,0,0,2
40026479,2106 DOCTOS. POR PAGAR,2106-27 CREDITO BANCO ESTADO,,,,0,0,0,0,0,0,0,0,2
40026484,2106 DOCTOS. POR PAGAR,2106-28 CREDITO BANCO BCI,,,,0,0,0,0,0,0,0,0,2
40026516,2106 DOCTOS. POR PAGAR,2106-29 PRESTAMO POR PAGAR SINEC,,,,0,0,0,0,0,0,0,0,2
40026517,2106 DOCTOS. POR PAGAR,2106-30 PRETAMO POR PAGAR GRUPO SINEC,,,,0,0,0,0,0,0,0,0,2
40026518,2106 DOCTOS. POR PAGAR,2106-31 TARJETA DE CREDITO EN DOLARES,,,,0,0,0,0,0,0,0,0,2
40026525,2106 DOCTOS. POR PAGAR,2106-32 TARJETA VISA BCO CHILE,,,,0,0,0,0,0,0,0,0,2
40026562,2106 DOCTOS. POR PAGAR,2106-33 CARTAS DE CREDITO,,,,0,0,0,0,0,0,0,0,2
40026564,2106 DOCTOS. POR PAGAR,2106-34 PROVEEDOR EXTERIOR SAFI FRANCIA,,,,0,0,0,0,0,0,0,0,2
40026565,2106 DOCTOS. POR PAGAR,2106-35 PROVEEDOR EXTERIOR SAFI ESPAÑA,,,,0,0,0,0,0,0,0,0,2
40026567,2106 DOCTOS. POR PAGAR,2106-36 CARTA DE CREDITO FRANCIA,,,,0,0,0,0,0,0,0,0,2
40026640,2106 DOCTOS. POR PAGAR,2106-37 CREDITO BULLET,,,,0,0,0,0,0,0,0,0,2
40026702,2106 DOCTOS. POR PAGAR,2106-38 CUENTA POR PAGAR PABLO GONZALEZ,,,,0,0,0,0,0,0,0,0,2
40026703,2106 DOCTOS. POR PAGAR,2106-39 PAGO DEUDA JUANA BARRIOS,,,,0,0,0,0,0,0,0,0,2
40026704,2106 DOCTOS. POR PAGAR,2106-40 PAGO DEUDA DANIELA GONZALEZ,,,,0,0,0,0,0,0,0,0,2
40026705,2106 DOCTOS. POR PAGAR,2106-41 CUENTA POR PAGAR ROBERTO GONZALEZ,,,,0,0,0,0,0,0,0,0,2
40026741,2106 DOCTOS. POR PAGAR,2106-42 COOPEUCH X PAGAR,,,,0,0,0,0,0,0,0,0,2
40026753,2106 DOCTOS. POR PAGAR,2106-43 TC BANCO ITAU,,,,0,0,0,0,0,0,0,0,2
40026767,2106 DOCTOS. POR PAGAR,2106-44 T.C DOLAR BANCO CHILE,,,,0,0,0,0,0,0,0,0,2
40026768,2106 DOCTOS. POR PAGAR,2106-45 T.C DOLAR BANCO ITAU,,,,0,0,0,0,0,0,0,0,2
40026785,2106 DOCTOS. POR PAGAR,2106-46 T.C BANCO BCI,,,,0,0,0,0,0,0,0,0,2
40026786,2106 DOCTOS. POR PAGAR,2106-47 T.C BANCO BCI DOLAR,,,,0,0,0,0,0,0,0,0,2
40026790,2106 DOCTOS. POR PAGAR,2106-48 TARJETA DE CREDITO USD BCO CHILE,,,,0,0,0,0,0,0,0,0,2
40026791,2106 DOCTOS. POR PAGAR,2106-49 TC BANCO SANTANDER,,,,0,0,0,0,0,0,0,0,2
40026887,2106 DOCTOS. POR PAGAR,2106-50 CUENTA POR PAGAR IGNACIO ASTETE,,,,0,0,0,0,0,0,0,0,2
40026922,2106 DOCTOS. POR PAGAR,2106-51 TC ADICIONAL BCO CHILE CLP,,,,0,0,0,0,0,0,0,0,2
40026923,2106 DOCTOS. POR PAGAR,2106-52 TC ADICIONAL BCO CHILE USD,,,,0,0,0,0,0,0,0,0,2
40026932,2106 DOCTOS. POR PAGAR,2106-53 CREDITO BANCO INTERNACIONAL,,,,0,0,0,0,0,0,0,0,2
40026941,2106 DOCTOS. POR PAGAR,2106-54 CREDITO BANCO ITAÚ,,,,0,0,0,0,0,0,0,0,2
40026955,2106 DOCTOS. POR PAGAR,2106-55 CREDITO MAXXA,,,,0,0,0,0,0,0,0,0,2
40026956,2106 DOCTOS. POR PAGAR,2106-56 TARJETA DE CREDITO BCO ESTADO,,,,0,0,0,0,0,0,0,0,2
40026957,2106 DOCTOS. POR PAGAR,2106-57 TARJETA DE CREDITO BCO ESTADO USD,,,,0,0,0,0,0,0,0,0,2
40026995,2106 DOCTOS. POR PAGAR,2106-58 CREDITO BANCO SCOTIABANK,,,,0,0,0,0,0,0,0,0,2
40026996,2106 DOCTOS. POR PAGAR,2106-59 CREDITO 1 BANCO SANTANDER FOGAPE,,,,0,0,0,0,0,0,0,0,2
40026997,2106 DOCTOS. POR PAGAR,2106-60 CREDITO 2 BANCO SANTANDER FOGAPE,,,,0,0,0,0,0,0,0,0,2
40026999,2106 DOCTOS. POR PAGAR,2106-61 TARJETA DE CREDITO TB,,,,0,0,0,0,0,0,0,0,2
40027009,2106 DOCTOS. POR PAGAR,2106-62 CREDITO BANCO CHILE 1,,,,0,0,0,0,0,0,0,0,2
40027010,2106 DOCTOS. POR PAGAR,2106-63 CREDITO BANCO CHILE 2,,,,0,0,0,0,0,0,0,0,2
40027014,2106 DOCTOS. POR PAGAR,2106-64 TC DOLAR SANTANDER,,,,0,0,0,0,0,0,0,0,2
40027015,2106 DOCTOS. POR PAGAR,2106-65 CREDITO BCI D03150906,,,,4678253,0,4678253,0,4678253,0,0,0,2
40027016,2106 DOCTOS. POR PAGAR,2106-66 CREDITO BCI D03150927,,,,0,0,0,0,0,0,0,0,2
40027029,2106 DOCTOS. POR PAGAR,2106-67 Pagare Artantida,,,,0,0,0,0,0,0,0,0,2
40027050,2106 DOCTOS. POR PAGAR,2106-68 CRED. BCOCHILE 9209 11- 24,,,,0,0,0,0,0,0,0,0,2
40027051,2106 DOCTOS. POR PAGAR,2106-69 CRED. BCOCHILE 9580 04-25,,,,0,0,0,0,0,0,0,0,2
40025728,2107 ACREEDORES VARIOS,2107 ACREEDORES VARIOS,,,,0,0,0,0,0,0,0,0,2
40026194,2107 ACREEDORES VARIOS,2107-01 EMPRESA RELACIONADA,,,,0,0,0,0,0,0,0,0,2
40027057,2107 ACREEDORES VARIOS,2107-02 ER 4M CAPACITACIONES,,,,0,0,0,0,0,0,0,0,2
40025729,2107 ACREEDORES VARIOS,2107-04 OTROS ACREEDORES VARIOS,,,,0,0,0,0,0,0,0,0,2
40026130,2107 ACREEDORES VARIOS,2107-05 CTA.CTE. EERR NOVO,,,,0,0,0,0,0,0,0,0,2
40026131,2107 ACREEDORES VARIOS,2107-06 CTA.CTE.EERR TRANSART,,,,0,0,0,0,0,0,0,0,2
40026137,2107 ACREEDORES VARIOS,2107-07 CTA. CTE EERR LAVASECO,,,,0,0,0,0,0,0,0,0,2
40026138,2107 ACREEDORES VARIOS,2107-08 CTA. CTE EERR TRANSLAV,,,,0,0,0,0,0,0,0,0,2
40026140,2107 ACREEDORES VARIOS,2107-09 CTA. CTE EERR TINTORERIA,,,,0,0,0,0,0,0,0,0,2
40026170,2107 ACREEDORES VARIOS,2107-10 CTA. CTE EERR MASSU,,,,0,0,0,0,0,0,0,0,2
40026171,2107 ACREEDORES VARIOS,2107-11 CTA. CTE EERR TRANP. LLAY LLAY,,,,0,0,0,0,0,0,0,0,2
40026172,2107 ACREEDORES VARIOS,2107-12 CTA.CTE EERR MYS,,,,0,0,0,0,0,0,0,0,2
40026173,2107 ACREEDORES VARIOS,2107-13 CTA.CTE EERR SABA Y SABA,,,,0,0,0,0,0,0,0,0,2
40026176,2107 ACREEDORES VARIOS,2107-14 PRESTAMO A TERCEROS POR PAGAR,,,,0,0,0,0,0,0,0,0,2
40026201,2107 ACREEDORES VARIOS,2107-15 CTA CTE EERR TOUCH PROD,,,,0,0,0,0,0,0,0,0,2
40026355,2107 ACREEDORES VARIOS,2107-16 ARRIENDOS POR PAGAR,,,,0,0,0,0,0,0,0,0,2
40026437,2107 ACREEDORES VARIOS,2107-17 CTA POR PAGAR SINEC,,,,0,0,0,0,0,0,0,0,2
40026438,2107 ACREEDORES VARIOS,2107-18 CTA POR PAGAR URBELEC,,,,0,0,0,0,0,0,0,0,2
40026439,2107 ACREEDORES VARIOS,2107-19 CTA POR PAGAR SINELEC,,,,0,0,0,0,0,0,0,0,2
40026440,2107 ACREEDORES VARIOS,2107-20 CTA POR PAGAR TSM,,,,0,0,0,0,0,0,0,0,2
40026441,2107 ACREEDORES VARIOS,2107-21 CTA POR PAGAR GRUPO SINEC,,,,0,0,0,0,0,0,0,0,2
40026442,2107 ACREEDORES VARIOS,2107-22 CTA POR PAGAR LIGHTGREEN,,,,0,0,0,0,0,0,0,0,2
40026445,2107 ACREEDORES VARIOS,2107-23 CTA CTE PROCEED,,,,0,0,0,0,0,0,0,0,2
40026453,2107 ACREEDORES VARIOS,2107-24 CTA CTE FRAPADI,,,,0,0,0,0,0,0,0,0,2
40026481,2107 ACREEDORES VARIOS,2107-25 CTA CTE STTARMAC,,,,0,0,0,0,0,0,0,0,2
40026613,2107 ACREEDORES VARIOS,2107-26 CTA CTE SANTA VICTORIA,,,,0,0,0,0,0,0,0,0,2
40026618,2107 ACREEDORES VARIOS,2107-27 CTA POR PAGAR EERR PLAZA SUR,,,,0,0,0,0,0,0,0,0,2
40026619,2107 ACREEDORES VARIOS,2107-28 CTA POR PAGAR EERR CURICO,,,,0,0,0,0,0,0,0,0,2
40026620,2107 ACREEDORES VARIOS,2107-29 CTA POR PAGAR EERR AGUIRRE Y VILLANUEVA,,,,0,0,0,0,0,0,0,0,2
40026724,2107 ACREEDORES VARIOS,2107-30 CTA CTE CLARITY SALES,,,,0,0,0,0,0,0,0,0,2
40026725,2107 ACREEDORES VARIOS,2107-31 CTA CTE CLARITY AGRO,,,,0,0,0,0,0,0,0,0,2
40026733,2107 ACREEDORES VARIOS,2107-32 CTA CTE CLARITY ENERGY,,,,0,0,0,0,0,0,0,0,2
40026734,2107 ACREEDORES VARIOS,2107-33 CTA. CTE. SMARTCLARITY COLOMBIA SAS,,,,0,0,0,0,0,0,0,0,2
40026740,2107 ACREEDORES VARIOS,2107-34 CTA POR PAGAR EERR PYS COBRNAZA,,,,0,0,0,0,0,0,0,0,2
40026752,2107 ACREEDORES VARIOS,2107-35 EMPRESA NO RELACIONADA INV INTEGRA,,,,0,0,0,0,0,0,0,0,2
40026776,2107 ACREEDORES VARIOS,2107-36 CTA. CTE. NOVANDI MEXICO,,,,0,0,0,0,0,0,0,0,2
40026778,2107 ACREEDORES VARIOS,2107-37 CTA EERR POR PAGAR LABOCOCH,,,,0,0,0,0,0,0,0,0,2
40026870,2107 ACREEDORES VARIOS,2107-38 EMPRESA RELACIONADA CALBUCO,,,,0,0,0,0,0,0,0,0,2
40026917,2107 ACREEDORES VARIOS,2107-39 CTA CTE SEBASTIAN EULUFI,,,,0,0,0,0,0,0,0,0,2
40026990,2107 ACREEDORES VARIOS,2107-40 CUENTA MERCANTIL ARMED,,,,0,0,0,0,0,0,0,0,2
40026991,2107 ACREEDORES VARIOS,2107-41 CUENTA MERCANTIL SOC BERROETA,,,,0,0,0,0,0,0,0,0,2
40025730,2108 PROVIS. Y RETENCIONES,2108 PROVIS. Y RETENCIONES,,,,0,0,0,0,0,0,0,0,2
40025731,2108 PROVIS. Y RETENCIONES,2108-01 PROVISION PPM,,,,0,0,0,0,0,0,0,0,2
40025732,2108 PROVIS. Y RETENCIONES,2108-02 IVA DEBITO FISCAL,,,,3336356,46662164,0,43325808,0,43325808,0,0,2
40025733,2108 PROVIS. Y RETENCIONES,2108-03 IMPUESTO UNICO TRABAJADORES,,,,0,642444,0,642444,0,642444,0,0,2
40025734,2108 PROVIS. Y RETENCIONES,2108-04 RETENCION PROFESIONALES,,,,0,166896,0,166896,0,166896,0,0,2
40025914,2108 PROVIS. Y RETENCIONES,2108-05 IMPUESTOS POR PAGAR,,,,38059366,0,38059366,0,38059366,0,0,0,2
40025973,2108 PROVIS. Y RETENCIONES,2108-06 SEGURO DE CESANTIA,,,,0,0,0,0,0,0,0,0,2
40025735,2108 PROVIS. Y RETENCIONES,2108-07 AFP,,,,0,0,0,0,0,0,0,0,2
40025736,2108 PROVIS. Y RETENCIONES,2108-08 CAJA COMPENSACION,,,,0,0,0,0,0,0,0,0,2
40025737,2108 PROVIS. Y RETENCIONES,2108-09 MUTUAL,,,,0,0,0,0,0,0,0,0,2
40025928,2108 PROVIS. Y RETENCIONES,2108-10 PROVISION DE GASTOS,,,,6393335,4054743,2338592,0,2338592,0,0,0,2
40025997,2108 PROVIS. Y RETENCIONES,2108-11 ISAPRE,,,,0,0,0,0,0,0,0,0,2
40026014,2108 PROVIS. Y RETENCIONES,2108-12 ANTICIPO TRABAJADORES,,,,0,0,0,0,0,0,0,0,2
40025738,2108 PROVIS. Y RETENCIONES,2108-13 CREDITOS CCAF,,,,0,0,0,0,0,0,0,0,2
40026015,2108 PROVIS. Y RETENCIONES,2108-14 LEYES SOCIALES POR PAGAR,,,,0,0,0,0,0,0,0,0,2
40026016,2108 PROVIS. Y RETENCIONES,2108-15 REMUNERACIONES POR  PAGAR,,,,12935888,12893156,42732,0,42732,0,0,0,2
40026017,2108 PROVIS. Y RETENCIONES,2108-16 APV,,,,0,0,0,0,0,0,0,0,2
40026018,2108 PROVIS. Y RETENCIONES,2108-17 OTROS DESCUENTOS,,,,0,0,0,0,0,0,0,0,2
40026388,2108 PROVIS. Y RETENCIONES,2108-18 PENSION ALIMENTICIA POR PAGAR,,,,0,0,0,0,0,0,0,0,2
40026408,2108 PROVIS. Y RETENCIONES,2108-19 PROVISION DE VACACIONES,,,,0,0,0,0,0,0,0,0,2
40025739,2108 PROVIS. Y RETENCIONES,2108-20 DSCTO PRESTAMO EMPRESA,,,,0,0,0,0,0,0,0,0,2
40026429,2108 PROVIS. Y RETENCIONES,2108-21 IMPUESTO RENTA POR PAGAR,,,,0,0,0,0,0,0,0,0,2
40026455,2108 PROVIS. Y RETENCIONES,2108-22 DEBITO BEBIDAS AZUCAR TASA 18%,,,,0,0,0,0,0,0,0,0,2
40026456,2108 PROVIS. Y RETENCIONES,2108-23 DEBITO BEBIDAS ANALCOHOLICAS TASA 10%,,,,0,0,0,0,0,0,0,0,2
40025740,2108 PROVIS. Y RETENCIONES,2108-24 INST.NORMALIZ.PREVISIONAL,,,,0,0,0,0,0,0,0,0,2
40025974,2108 PROVIS. Y RETENCIONES,2108-25 IMPOSICIONES POR PAGAR,,,,2719964,2870608,0,150644,0,150644,0,0,2
40026215,2108 PROVIS. Y RETENCIONES,2108-26 DIFERENCIAS X PAGAR SUELDOS Y LLSS,,,,0,0,0,0,0,0,0,0,2
40026356,2108 PROVIS. Y RETENCIONES,2108-27 PROVISION POR INDEMNIZACION SERV,,,,0,0,0,0,0,0,0,0,2
40026430,2108 PROVIS. Y RETENCIONES,2108-28 CONVENIOS TESORERIA POR PAGAR,,,,0,0,0,0,0,0,0,0,2
40026457,2108 PROVIS. Y RETENCIONES,2108-29 IVA POSTERGADO POR PAGAR,,,,0,0,0,0,0,0,0,0,2
40026462,2108 PROVIS. Y RETENCIONES,2108-30 DESCUENTO CAJERO,,,,0,0,0,0,0,0,0,0,2
40026463,2108 PROVIS. Y RETENCIONES,2108-31 DESCUENTO DE HORAS,,,,0,0,0,0,0,0,0,0,2
40026524,2108 PROVIS. Y RETENCIONES,2108-32 RETENCION 3%,,,,0,0,0,0,0,0,0,0,2
40026526,2108 PROVIS. Y RETENCIONES,2108-33 RETENCION 3% REMUNERACION,,,,0,0,0,0,0,0,0,0,2
40026566,2108 PROVIS. Y RETENCIONES,2108-34 PROVISION REMUNERACIONES-COMISIONES,,,,0,0,0,0,0,0,0,0,2
40026650,2108 PROVIS. Y RETENCIONES,2108-35 COTIZACIONES EXTRANJEROS,,,,0,0,0,0,0,0,0,0,2
40026718,2108 PROVIS. Y RETENCIONES,2108-36 FONDO RESERVA OTROS INGRESOS,,,,0,0,0,0,0,0,0,0,2
40026719,2108 PROVIS. Y RETENCIONES,2108-37 FONDO RESERVA POR MARKETING,,,,0,0,0,0,0,0,0,0,2
40026720,2108 PROVIS. Y RETENCIONES,2108-38 FONDO DE RESERVA GENERAL,,,,0,0,0,0,0,0,0,0,2
40026722,2108 PROVIS. Y RETENCIONES,2108-39 RETENCIONES JUDICIAL POR PAGAR,,,,0,0,0,0,0,0,0,0,2
40026739,2108 PROVIS. Y RETENCIONES,2108-40 PROVISION DE LUZ,,,,0,0,0,0,0,0,0,0,2
40026742,2108 PROVIS. Y RETENCIONES,2108-41 DESCUENTO SINDICATO,,,,0,0,0,0,0,0,0,0,2
40026963,2108 PROVIS. Y RETENCIONES,2108-42 IMPUESTO ESPECÍFICO POR PAGAR,,,,0,0,0,0,0,0,0,0,2
40026992,2108 PROVIS. Y RETENCIONES,2108-43 DEUDAS TGR,,,,0,0,0,0,0,0,0,0,2
40027003,2108 PROVIS. Y RETENCIONES,2108-44 VIATICOS POR PAGAR,,,,0,0,0,0,0,0,0,0,2
40027052,2108 PROVIS. Y RETENCIONES,2108-45 IMPUESTO A LA RENTA POR PAGAR,,,,0,0,0,0,0,0,0,0,2
40027053,2108 PROVIS. Y RETENCIONES,2108-46 IVA RETENIDO VENTAS,,,,0,0,0,0,0,0,0,0,2
40025741,2109 PROV. IMPUESTO RENTA,2109 PROV. IMPUESTO RENTA,,,,0,0,0,0,0,0,0,0,2
40025742,2109 PROV. IMPUESTO RENTA,2109-01 PROV. IMPUESTO RENTA,,,,0,0,0,0,0,0,0,0,2
40026431,2109 PROV. IMPUESTO RENTA,2109-02 IMPTO RENTA POR PAGAR,,,,0,0,0,0,0,0,0,0,2
40025743,2110 INGRESOS ADELANTADOS,2110 INGRESOS ADELANTADOS,,,,0,0,0,0,0,0,0,0,2
40026568,2110 INGRESOS ADELANTADOS,2110-01 CLIENTES TRANSITORIOS,,,,0,0,0,0,0,0,0,0,2
40025744,2110 INGRESOS ADELANTADOS,2110-02 OTROS INGR. ADELANTADOS,,,,0,0,0,0,0,0,0,0,2
40025745,2110 INGRESOS ADELANTADOS,2110-04 ANTICIPO CLIENTES,,,,0,0,0,0,0,0,0,0,2
40025746,2111 CUENTAS TRASPASOS,2111 CUENTAS TRASPASOS,,,,0,0,0,0,0,0,0,0,2
40025747,2111 CUENTAS TRASPASOS,2111-55 TRASPASOS ENTRE BANCOS,,,,0,0,0,0,0,0,0,0,2
40025748,2111 CUENTAS TRASPASOS,2111-57 TRASPASOS REAPERTURA,,,,0,0,0,0,0,0,0,0,2
40025749,2111 CUENTAS TRASPASOS,2111-58 TRASPASOS CAJAS,,,,0,0,0,0,0,0,0,0,2
40025750,2111 CUENTAS TRASPASOS,2111-59 TRASPASOS POR DISTRIBUIR,,,,0,0,0,0,0,0,0,0,2
40025751,2111 CUENTAS TRASPASOS,2111-80 CANJES,,,,0,0,0,0,0,0,0,0,2
40025752,2111 CUENTAS TRASPASOS,2111-90 TRASPASOS VARIOS,,,,0,0,0,0,0,0,0,0,2
40025949,2111 CUENTAS TRASPASOS,2111-91 PROVISIONES VARIAS,,,,0,0,0,0,0,0,0,0,2
40026569,2111 CUENTAS TRASPASOS,2111-92 AG.DE ADUANAS A.SMITH,,,,0,0,0,0,0,0,0,0,2
40026792,2111 CUENTAS TRASPASOS,2111-93 AGENCIA DE ADUANA,,,,0,0,0,0,0,0,0,0,2
40025753,2112 CTAS. CTES. SOCIOS,2112 CTAS. CTES. SOCIOS,,,,0,0,0,0,0,0,0,0,2
40025754,2112 CTAS. CTES. SOCIOS,2112-01 APORTES TRANSITORIOS SOCIOS,,,,0,0,0,0,0,0,0,0,2
40025755,2112 CTAS. CTES. SOCIOS,2112-02 DIST. UTILIDADES SOCIOS,,,,0,0,0,0,0,0,0,0,2
40025756,2116 CUENTAS PROVEEDORES,2116 CUENTAS PROVEEDORES,,,,0,0,0,0,0,0,0,0,2
40025758,,22 PASIVO A LARGO PLAZO,,,,0,0,0,0,0,0,0,0,2
40025759,2201 CREDITOS LARGO PLAZO,2201 CREDITOS LARGO PLAZO,,,,0,0,0,0,0,0,0,0,2
40025760,2201 CREDITOS LARGO PLAZO,2201-01 CREDITOS LARGO PLAZO,,,,0,0,0,0,0,0,0,0,2
40026653,2201 CREDITOS LARGO PLAZO,2201-02 CREDITOS HIPOTECARIOS,,,,0,0,0,0,0,0,0,0,2
40026076,2201 CREDITOS LARGO PLAZO,2201-12 OBLIG.C/BCO.CHILE LARGO PLAZO,,,,0,0,0,0,0,0,0,0,2
40026077,2201 CREDITOS LARGO PLAZO,"2201-13 OBLIG.C/BCO.STDER, LARGO PLAZO",,,,0,0,0,0,0,0,0,0,2
40026407,2201 CREDITOS LARGO PLAZO,"2201-14 OBLIG. C/BCO ITAU, LARGO PLAZO",,,,0,0,0,0,0,0,0,0,2
40025761,2202 D ADUANA DIFERIDOS,2202 D ADUANA DIFERIDOS,,,,0,0,0,0,0,0,0,0,2
40025762,2202 D ADUANA DIFERIDOS,2202-01 D ADUANA DIFERIDOS,,,,0,0,0,0,0,0,0,0,2
40025763,2203 DOC. POR PAGAR L PLAZO,2203 DOC. POR PAGAR L PLAZO,,,,0,0,0,0,0,0,0,0,2
40025764,2203 DOC. POR PAGAR L PLAZO,2203-01 DOC. POR PAGAR L PLAZO,,,,0,0,0,0,0,0,0,0,2
40025765,2206 PROVISIONES VARIAS,2206 PROVISIONES VARIAS,,,,0,0,0,0,0,0,0,0,2
40025766,2206 PROVISIONES VARIAS,2206-01 INDEMNIZ. AÑOS SERVICIO,,,,0,0,0,0,0,0,0,0,2
40025767,2207 CREDITOS REAJUSTABLES,2207 CREDITOS REAJUSTABLES,,,,0,0,0,0,0,0,0,0,2
40025768,2207 CREDITOS REAJUSTABLES,2207-01 MUTUOS REAJUSTABLES,,,,0,0,0,0,0,0,0,0,2
40026426,2207 CREDITOS REAJUSTABLES,2207-02 MUTUOS POR PAGAR,,,,0,0,0,0,0,0,0,0,2
40026508,2207 CREDITOS REAJUSTABLES,2207-03 RESPONSABILIDAD FACTORING,,,,0,0,0,0,0,0,0,0,2
40026531,2207 CREDITOS REAJUSTABLES,2207-04 PROVISION INGRESO OPERACIONAL,,,,0,0,0,0,0,0,0,0,2
40026532,2207 CREDITOS REAJUSTABLES,2207-05 PROVISION PAGO FACTURA COMISION,,,,0,0,0,0,0,0,0,0,2
40026533,2207 CREDITOS REAJUSTABLES,2207-06 PROVISION COBRO DE INTERESES,,,,0,0,0,0,0,0,0,0,2
40026536,2207 CREDITOS REAJUSTABLES,2207-07 RETENCION CLIENTES CEDIDOS,,,,0,0,0,0,0,0,0,0,2
40026604,2207 CREDITOS REAJUSTABLES,2207-08 PROYECTO GEBAUER POR PAGAR,,,,0,0,0,0,0,0,0,0,2
40026605,2207 CREDITOS REAJUSTABLES,2207-09 PROYECTO BERNARDITO POR PAGAR,,,,0,0,0,0,0,0,0,0,2
40026606,2207 CREDITOS REAJUSTABLES,2207-10 PROYECTO BERNARDITO POR PAGAR,,,,0,0,0,0,0,0,0,0,2
40026607,2207 CREDITOS REAJUSTABLES,2207-11 PROYECTO SOL DE FRESIA POR PAGAR,,,,0,0,0,0,0,0,0,0,2
40026608,2207 CREDITOS REAJUSTABLES,2207-12 PROYECTO SOL DE MUERMOS POR PAGAR,,,,0,0,0,0,0,0,0,0,2
40026770,2207 CREDITOS REAJUSTABLES,2207-18 INTERESES POR PAGAR,,,,0,0,0,0,0,0,0,0,2
40026771,2207 CREDITOS REAJUSTABLES,2207-19 INTERESES POR PAGAR LARGO PLAZO,,,,0,0,0,0,0,0,0,0,2
40026772,2207 CREDITOS REAJUSTABLES,2207-20 MUTUO CONSORCIO LARGO PLAZO,,,,0,0,0,0,0,0,0,0,2
40026803,2207 CREDITOS REAJUSTABLES,2207-21 MUTUO PAOLA JARA,,,,0,0,0,0,0,0,0,0,2
40026804,2207 CREDITOS REAJUSTABLES,2207-22 MUTUO INVERSIONES GARDEN,,,,0,0,0,0,0,0,0,0,2
40027011,2207 CREDITOS REAJUSTABLES,2207-23 MUTUO SOFIA COVARRUBIO,,,,0,0,0,0,0,0,0,0,2
40025769,,23 PATRIMONIO,,,,0,0,0,0,0,0,0,0,2
40025770,2301 C A P I T A L,2301 C A P I T A L,,,,0,0,0,0,0,0,0,0,2
40025771,2301 C A P I T A L,2301-01 C A P I T A L,,,,0,0,0,0,0,0,0,0,2
40025772,2302 RESERVAS DE REVALORIZACION,2302 RESERVAS DE REVALORIZACION,,,,0,0,0,0,0,0,0,0,2
40025773,2302 RESERVAS DE REVALORIZACION,2302-02 REVALORIZAC CAPITAL PROPIO,,,,0,0,0,0,0,0,0,0,2
40025774,2302 RESERVAS DE REVALORIZACION,2302-03 OTRAS REVALORIZACIONES,,,,0,0,0,0,0,0,0,0,2
40026277,2302 RESERVAS DE REVALORIZACION,2302-04 RESERVA DE UTILIDADES,,,,0,0,0,0,0,0,0,0,2
40026278,2302 RESERVAS DE REVALORIZACION,2302-05 RESERVA RESULTADOS ACUMULADOS,,,,0,0,0,0,0,0,0,0,2
40026279,2302 RESERVAS DE REVALORIZACION,2302-06 OTRAS RESERVAS,,,,0,0,0,0,0,0,0,0,2
40025775,2304 FLUCTUACION DE VALORES,2304 FLUCTUACION DE VALORES,,,,0,0,0,0,0,0,0,0,2
40025776,2304 FLUCTUACION DE VALORES,2304-01 FLUCTUACION DE VALORES,,,,0,0,0,0,0,0,0,0,2
40025777,2305 UTILIDAD (PERDIDA) RET.,2305 UTILIDAD (PERDIDA) RET.,,,,0,0,0,0,0,0,0,0,2
40025778,2305 UTILIDAD (PERDIDA) RET.,2305-04 PERDIDAS ACUMULADAS (-),,,,0,0,0,0,0,0,0,0,2
40025779,2305 UTILIDAD (PERDIDA) RET.,2305-05 UTILIDAD (PERDIDA) EJERC.,,,,0,0,0,0,0,0,0,0,2
40025780,2305 UTILIDAD (PERDIDA) RET.,2305-06 UTILIDADES ACUMULADAS,,,,0,0,0,0,0,0,0,0,2
40026202,2305 UTILIDAD (PERDIDA) RET.,2305-07 PAARTICIPACION EN OTRAS SOCIEDADES,,,,0,0,0,0,0,0,0,0,2
40026222,2305 UTILIDAD (PERDIDA) RET.,2305-08 RESULTADO DEL EJERCICIO,,,,0,0,0,0,0,0,0,0,2
40026226,2305 UTILIDAD (PERDIDA) RET.,2305-09 APORTE POR ENTERAR,,,,0,0,0,0,0,0,0,0,2
40026227,2305 UTILIDAD (PERDIDA) RET.,2305-10 APORTE POR ENTERAR,,,,0,0,0,0,0,0,0,0,2
40026228,2305 UTILIDAD (PERDIDA) RET.,2305-11 APORTE ENTERADO,,,,0,0,0,0,0,0,0,0,2
40026372,2305 UTILIDAD (PERDIDA) RET.,2305-12 FONDO DE CAPITALIZACION,,,,0,0,0,0,0,0,0,0,2
40026378,2305 UTILIDAD (PERDIDA) RET.,2305-13 FDO. UTILID. POR DISTRIB.,,,,0,0,0,0,0,0,0,0,2
40025781,,29 CUENTAS DE ORDEN HABER,,,,0,0,0,0,0,0,0,0,2
40025782,2903 RESPONS. BOLETAS GARANTIA,2903 RESPONS. BOLETAS GARANTIA,,,,0,0,0,0,0,0,0,0,2
40025783,2903 RESPONS. BOLETAS GARANTIA,2903-01 RESPONS. BOLETAS GARANTIA,,,,0,0,0,0,0,0,0,0,2
40025784,2904 RESP. LETRAS DESCONTADAS,2904 RESP. LETRAS DESCONTADAS,,,,0,0,0,0,0,0,0,0,2
40025785,2904 RESP. LETRAS DESCONTADAS,2904-01 RESP. LETRAS DESCONTADAS,,,,0,0,0,0,0,0,0,0,2
40025786,2905 RESP.DOCUMENTOS EN GARANTIA,2905 RESP.DOCUMENTOS EN GARANTIA,,,,0,0,0,0,0,0,0,0,2
40025787,2905 RESP.DOCUMENTOS EN GARANTIA,2905-01 RESP.DOCUMENTOS EN GARANTIA,,,,0,0,0,0,0,0,0,0,2
40025788,2906 ACCIONES CAPITAL SUSCRITO,2906 ACCIONES CAPITAL SUSCRITO,,,,0,0,0,0,0,0,0,0,2
40025789,2906 ACCIONES CAPITAL SUSCRITO,2906-01 ACCIONES CAPITAL SUSCRITO,,,,0,0,0,0,0,0,0,0,2
40025790,,4 RESULTADOS/PERDIDAS,,,,0,0,0,0,0,0,0,0,4
40025791,,41 COSTO DE EXPLOTACION,,,,0,0,0,0,0,0,0,0,4
40025792,4101 COSTOS DE EXPLOTACION,4101 COSTOS DE EXPLOTACION,,,,0,0,0,0,0,0,0,0,4
40025793,4101 COSTOS DE EXPLOTACION,4101-01 COSTO DE VENTA,,,,0,0,0,0,0,0,0,0,4
40025794,4101 COSTOS DE EXPLOTACION,4101-02 COSTO M PRIMAS Y MATERIALES,,,,0,0,0,0,0,0,0,0,4
40025795,4101 COSTOS DE EXPLOTACION,4101-03 COMBUSTIBLES Y LUBRICANTES,,,,2971676,0,2971676,0,0,0,0,2971676,4
40025796,4101 COSTOS DE EXPLOTACION,4101-04 COSTO DE OPERACIÓN DE COBRANZA,,,,0,0,0,0,0,0,0,0,4
40025797,4101 COSTOS DE EXPLOTACION,4101-05 ETIQUETAS Y ENVASES,,,,0,0,0,0,0,0,0,0,4
40026515,4101 COSTOS DE EXPLOTACION,4101-06 COSTO DE VENTAS INSUMOS MOTOS,,,,0,0,0,0,0,0,0,0,4
40026574,4101 COSTOS DE EXPLOTACION,4101-07 GASTOS DE TRASLADO,,,,0,0,0,0,0,0,0,0,4
40025798,4101 COSTOS DE EXPLOTACION,4101-08 FLETES Y GASTOS DESPACHO,,,,9075000,0,9075000,0,0,0,0,9075000,4
40025799,4101 COSTOS DE EXPLOTACION,4101-09 OTROS GASTOS DE EXPLOTACION,,,,0,0,0,0,0,0,0,0,4
40025800,4101 COSTOS DE EXPLOTACION,4101-10 MANTENCION MAQUINARIAS,,,,918364,0,918364,0,0,0,0,918364,4
40025930,4101 COSTOS DE EXPLOTACION,4101-11 COSTO DESECHABLES,,,,0,0,0,0,0,0,0,0,4
40025801,4101 COSTOS DE EXPLOTACION,4101-12 SEGUROS,,,,0,0,0,0,0,0,0,0,4
40025933,4101 COSTOS DE EXPLOTACION,4101-13 COMISIONES POR PRODUCTOS,,,,0,0,0,0,0,0,0,0,4
40026573,4101 COSTOS DE EXPLOTACION,4101-14 PROCEDIMIENTOS Y ATENCIONES,,,,0,0,0,0,0,0,0,0,4
40025802,4101 COSTOS DE EXPLOTACION,4101-15 GASTOS BODEGA,,,,0,0,0,0,0,0,0,0,4
40025803,4101 COSTOS DE EXPLOTACION,4101-16 GASTOS FABRICA,,,,0,0,0,0,0,0,0,0,4
40025804,4101 COSTOS DE EXPLOTACION,4101-17 GASTOS LABORATORIO,,,,0,0,0,0,0,0,0,0,4
40025805,4101 COSTOS DE EXPLOTACION,4101-18 GASTOS COMERCIO EXTERIOR,,,,0,0,0,0,0,0,0,0,4
40025932,4101 COSTOS DE EXPLOTACION,4101-19 GASTOS BÁSICOS,,,,0,0,0,0,0,0,0,0,4
40025938,4101 COSTOS DE EXPLOTACION,4101-20 UTILES DE ASEO,,,,0,0,0,0,0,0,0,0,4
40025939,4101 COSTOS DE EXPLOTACION,4101-21 GASTO DE LUZ,,,,2658073,0,2658073,0,0,0,0,2658073,4
40025806,4101 COSTOS DE EXPLOTACION,4101-22 COSTO ARRIENDO FRANQUICIADO,,,,0,0,0,0,0,0,0,0,4
40025940,4101 COSTOS DE EXPLOTACION,4101-23 GASTOS AGUA,,,,447780,0,447780,0,0,0,0,447780,4
40025941,4101 COSTOS DE EXPLOTACION,4101-24 GASTOS DE ALARMA,,,,0,0,0,0,0,0,0,0,4
40025942,4101 COSTOS DE EXPLOTACION,4101-25 GASTOS DE PATENTES,,,,0,0,0,0,0,0,0,0,4
40025945,4101 COSTOS DE EXPLOTACION,4101-26 COSTO VENTA PRODUCTOS A CLIENTES,,,,0,0,0,0,0,0,0,0,4
40025946,4101 COSTOS DE EXPLOTACION,4101-27 COSTO MAQUINARIA,,,,0,0,0,0,0,0,0,0,4
40025947,4101 COSTOS DE EXPLOTACION,4101-28 PERDIDAS,,,,0,0,0,0,0,0,0,0,4
40025957,4101 COSTOS DE EXPLOTACION,4101-29 COSTO FINANCIAMIENTO,,,,0,0,0,0,0,0,0,0,4
40025971,4101 COSTOS DE EXPLOTACION,4101-30 ASESORIAS SERVICE,,,,0,0,0,0,0,0,0,0,4
40025978,4101 COSTOS DE EXPLOTACION,4101-31 ASESORIAS,,,,0,0,0,0,0,0,0,0,4
40025998,4101 COSTOS DE EXPLOTACION,4101-32 ROYALTY,,,,0,0,0,0,0,0,0,0,4
40025999,4101 COSTOS DE EXPLOTACION,4101-33 PUBLICIDAD,,,,0,0,0,0,0,0,0,0,4
40026058,4101 COSTOS DE EXPLOTACION,4101-34 GASTOS DE INSPECCIÓN DE OBRAS,,,,0,0,0,0,0,0,0,0,4
40026059,4101 COSTOS DE EXPLOTACION,4101-35 ARRIENDO VEHÍCULOS,,,,0,0,0,0,0,0,0,0,4
40026060,4101 COSTOS DE EXPLOTACION,4101-36 GASTO LOZA LOCAL,,,,0,0,0,0,0,0,0,0,4
40026081,4101 COSTOS DE EXPLOTACION,4101-37 LEASING,,,,0,0,0,0,0,0,0,0,4
40026103,4101 COSTOS DE EXPLOTACION,4101-38 ART.DE COCINA,,,,0,0,0,0,0,0,0,0,4
40026120,4101 COSTOS DE EXPLOTACION,4101-39 ESTACIONAMIENTO,,,,0,0,0,0,0,0,0,0,4
40026230,4101 COSTOS DE EXPLOTACION,4101-40 REPARACIONES DE BOMBAS,,,,0,0,0,0,0,0,0,0,4
40026251,4101 COSTOS DE EXPLOTACION,4101-41 IVA NO RECUPERABLE,,,,0,0,0,0,0,0,0,0,4
40026261,4101 COSTOS DE EXPLOTACION,4101-42 LEASING BODEGA,,,,0,0,0,0,0,0,0,0,4
40026296,4101 COSTOS DE EXPLOTACION,4101-43 ASESORIAS CONTABLES,,,,904600,145816,758784,0,0,0,0,758784,4
40026297,4101 COSTOS DE EXPLOTACION,4101-44 ASESORIAS LEGALES,,,,408730,0,408730,0,0,0,0,408730,4
40026298,4101 COSTOS DE EXPLOTACION,4101-45 ASESORIAS PREVENCION,,,,0,0,0,0,0,0,0,0,4
40026299,4101 COSTOS DE EXPLOTACION,4101-46 SEGUROS CREDITO,,,,0,0,0,0,0,0,0,0,4
40026300,4101 COSTOS DE EXPLOTACION,4101-47 COSTO DE VENTA LIBROS KAIROS,,,,0,0,0,0,0,0,0,0,4
40026301,4101 COSTOS DE EXPLOTACION,4101-48 COSTO DE VENTA LIBROS ALMUZARA,,,,0,0,0,0,0,0,0,0,4
40026302,4101 COSTOS DE EXPLOTACION,4101-49 COSTO DE VENTA LIBROS SALAMANDRA,,,,0,0,0,0,0,0,0,0,4
40026303,4101 COSTOS DE EXPLOTACION,4101-50 COSTO DE VENTA LIBROS NAVONA,,,,0,0,0,0,0,0,0,0,4
40026304,4101 COSTOS DE EXPLOTACION,4101-51 COSTO DE FRUTA,,,,0,0,0,0,0,0,0,0,4
40026305,4101 COSTOS DE EXPLOTACION,4101-52 MUSICA AMBIENTAL,,,,0,0,0,0,0,0,0,0,4
40026306,4101 COSTOS DE EXPLOTACION,4101-53 FLETE TERRESTRE,,,,0,0,0,0,0,0,0,0,4
40026335,4101 COSTOS DE EXPLOTACION,4101-54 CONSUMO PERSONAL,,,,0,0,0,0,0,0,0,0,4
40026377,4101 COSTOS DE EXPLOTACION,4101-55 COSTO DEVENGADO,,,,0,0,0,0,0,0,0,0,4
40026382,4101 COSTOS DE EXPLOTACION,4101-56 COSTO VENTA LIBROS DIGITALES,,,,0,0,0,0,0,0,0,0,4
40026389,4101 COSTOS DE EXPLOTACION,4101-57 COSTO DE VENTA LIBROS HARPERCOLLINS,,,,0,0,0,0,0,0,0,0,4
40026448,4101 COSTOS DE EXPLOTACION,4101-58 COSTO DE LIBROS AMABOOK,,,,0,0,0,0,0,0,0,0,4
40026575,4101 COSTOS DE EXPLOTACION,4101-59 GASTOS DE CORTESIA,,,,0,0,0,0,0,0,0,0,4
40026390,4101 COSTOS DE EXPLOTACION,4101-60 SUBWAY,,,,0,0,0,0,0,0,0,0,4
40026402,4101 COSTOS DE EXPLOTACION,4101-61 PARTICIPACION FERIA,,,,0,0,0,0,0,0,0,0,4
40026416,4101 COSTOS DE EXPLOTACION,4101-62 INSUMOS MOTOS,,,,0,0,0,0,0,0,0,0,4
40026418,4101 COSTOS DE EXPLOTACION,4101-63 COSTO TEXTOS (LEY DEL LIBRO),,,,0,0,0,0,0,0,0,0,4
40026436,4101 COSTOS DE EXPLOTACION,4101-64 DIAGRAMACION,,,,0,0,0,0,0,0,0,0,4
40026459,4101 COSTOS DE EXPLOTACION,4101-65 COSTO DE PAQUETES DE VIAJE,,,,0,0,0,0,0,0,0,0,4
40026467,4101 COSTOS DE EXPLOTACION,4101-66 SANITIZACION,,,,0,0,0,0,0,0,0,0,4
40026468,4101 COSTOS DE EXPLOTACION,4101-67 ALIMENTACION SUPLEMENTARIA,,,,0,0,0,0,0,0,0,0,4
40026469,4101 COSTOS DE EXPLOTACION,4101-68 FERTILIZANTES SEMILLAS Y PESTICIDAS,,,,0,0,0,0,0,0,0,0,4
40026470,4101 COSTOS DE EXPLOTACION,4101-69 SERVICIOS MAQUINARIAS,,,,0,0,0,0,0,0,0,0,4
40026550,4101 COSTOS DE EXPLOTACION,4101-70 TRANSPORTE INTERNACIONAL,,,,0,0,0,0,0,0,0,0,4
40026551,4101 COSTOS DE EXPLOTACION,4101-71 ALOJAMIENTO COMERCIAL,,,,0,0,0,0,0,0,0,0,4
40026553,4101 COSTOS DE EXPLOTACION,4101-72 ALMACEN ADUANERO,,,,0,0,0,0,0,0,0,0,4
40026555,4101 COSTOS DE EXPLOTACION,4101-73 INSUMOS DE BOGEGA,,,,0,0,0,0,0,0,0,0,4
40026558,4101 COSTOS DE EXPLOTACION,4101-74 INSUMOS DE PRODUCCIONES,,,,0,0,0,0,0,0,0,0,4
40026560,4101 COSTOS DE EXPLOTACION,4101-75 REPARACIONES ASCENSORES,,,,0,0,0,0,0,0,0,0,4
40026576,4101 COSTOS DE EXPLOTACION,4101-76 GASTOS DE ANIMACIÓN,,,,0,0,0,0,0,0,0,0,4
40026582,4101 COSTOS DE EXPLOTACION,4101-77 MANTENCION HELICOPTERO,,,,0,0,0,0,0,0,0,0,4
40026583,4101 COSTOS DE EXPLOTACION,4101-78 COSTOS MERCADERIA PERU,,,,0,0,0,0,0,0,0,0,4
40026595,4101 COSTOS DE EXPLOTACION,4101-79 INSUMO DE LIMPIEZA/ MAQUINARIA/ UNIFORME,,,,0,0,0,0,0,0,0,0,4
40026596,4101 COSTOS DE EXPLOTACION,4101-80 REPARACION ESCALERA MECANICA,,,,0,0,0,0,0,0,0,0,4
40026597,4101 COSTOS DE EXPLOTACION,4101-81 COMIDA EQUIPO,,,,0,0,0,0,0,0,0,0,4
40026598,4101 COSTOS DE EXPLOTACION,4101-82 DEMANDAS LABORALES,,,,0,0,0,0,0,0,0,0,4
40026599,4101 COSTOS DE EXPLOTACION,4101-83 GASTOS FESTIVIDADES,,,,0,0,0,0,0,0,0,0,4
40026601,4101 COSTOS DE EXPLOTACION,4101-84 CONVENIO SINDICAL,,,,0,0,0,0,0,0,0,0,4
40026614,4101 COSTOS DE EXPLOTACION,4101-85 MANTENCION BOMBAS,,,,0,0,0,0,0,0,0,0,4
40026615,4101 COSTOS DE EXPLOTACION,4101-86 MUESTRA CLIENTES,,,,0,0,0,0,0,0,0,0,4
40026625,4101 COSTOS DE EXPLOTACION,4101-87 COSTO DE VENTAS POR SERVICIO,,,,0,0,0,0,0,0,0,0,4
40026628,4101 COSTOS DE EXPLOTACION,4101-88 GASTOS SISTEMAS EXTRANJEROS,,,,0,0,0,0,0,0,0,0,4
40026648,4101 COSTOS DE EXPLOTACION,4101-89 GASTOS DE VIDEOCLIPS,,,,0,0,0,0,0,0,0,0,4
40026652,4101 COSTOS DE EXPLOTACION,4101-90 ARTICULOS DESECHABLES,,,,0,0,0,0,0,0,0,0,4
40026654,4101 COSTOS DE EXPLOTACION,4101-91 GASTOS DE EQUIPOS COMPUTACIONALES,,,,0,0,0,0,0,0,0,0,4
40026655,4101 COSTOS DE EXPLOTACION,4101-92 GASTO DESRATIZACION,,,,0,0,0,0,0,0,0,0,4
40026656,4101 COSTOS DE EXPLOTACION,4101-93 MANTENCION ASCENSORES,,,,0,0,0,0,0,0,0,0,4
40026657,4101 COSTOS DE EXPLOTACION,4101-94 MANTENCION ESCALERA MECANICA,,,,0,0,0,0,0,0,0,0,4
40026658,4101 COSTOS DE EXPLOTACION,4101-95 GASTO MUEBLES Y MAQUINAS,,,,0,0,0,0,0,0,0,0,4
40026695,4101 COSTOS DE EXPLOTACION,4101-96 DESGASTE DE HERRAMIENTA,,,,0,0,0,0,0,0,0,0,4
40026697,4101 COSTOS DE EXPLOTACION,4101-97 GASTOS INTERNACIONALES,,,,0,0,0,0,0,0,0,0,4
40026699,4101 COSTOS DE EXPLOTACION,4101-98 COMISION DE CORRETAJE POR ARRIENDO,,,,0,0,0,0,0,0,0,0,4
40026706,4101 COSTOS DE EXPLOTACION,4101-99 GASTOS DE RECLUTAMIENTO,,,,0,0,0,0,0,0,0,0,4
40025807,,42 GASTOS DE ADMINISTRACION,,,,0,0,0,0,0,0,0,0,4
40025808,4201 GASTOS DE ADMINISTRACION,4201 GASTOS DE ADMINISTRACION,,,,0,0,0,0,0,0,0,0,4
40025809,4201 GASTOS DE ADMINISTRACION,4201-01 REMUNERACIONES TRABAJADORES,,,,12279924,0,12279924,0,0,0,0,12279924,4
40025810,4201 GASTOS DE ADMINISTRACION,4201-02 HONORARIOS PROFESIONALES,,,,1094396,0,1094396,0,0,0,0,1094396,4
40025811,4201 GASTOS DE ADMINISTRACION,4201-03 LEYES SOCIALES,,,,567467,0,567467,0,0,0,0,567467,4
40025812,4201 GASTOS DE ADMINISTRACION,4201-04 GASTOS DE OFICINA,,,,460864,0,460864,0,0,0,0,460864,4
40025813,4201 GASTOS DE ADMINISTRACION,4201-05 IMPUESTOS Y PATENTES,,,,1029482,0,1029482,0,0,0,0,1029482,4
40025814,4201 GASTOS DE ADMINISTRACION,4201-06 MANT VEHICULOS Y EQ TRANSP,,,,1607277,0,1607277,0,0,0,0,1607277,4
40025815,4201 GASTOS DE ADMINISTRACION,4201-07 MANTENC. EQUIP. Y EDIFICIOS,,,,999194,0,999194,0,0,0,0,999194,4
40025816,4201 GASTOS DE ADMINISTRACION,4201-08 GASTOS GENERALES,,,,0,0,0,0,0,0,0,0,4
40025817,4201 GASTOS DE ADMINISTRACION,4201-09 REPRESENTACION Y VIATICOS,,,,0,0,0,0,0,0,0,0,4
40025818,4201 GASTOS DE ADMINISTRACION,4201-10 GASTOS BANCARIOS,,,,0,0,0,0,0,0,0,0,4
40025819,4201 GASTOS DE ADMINISTRACION,4201-11 INTERESES Y MULTAS,,,,0,0,0,0,0,0,0,0,4
40025820,4201 GASTOS DE ADMINISTRACION,4201-12 LEGALES Y NOTARIALES,,,,0,0,0,0,0,0,0,0,4
40025821,4201 GASTOS DE ADMINISTRACION,4201-13 BIENESTAR SOCIAL,,,,0,0,0,0,0,0,0,0,4
40025822,4201 GASTOS DE ADMINISTRACION,4201-14 GRATIFICACIONES,,,,1963247,0,1963247,0,0,0,0,1963247,4
40025823,4201 GASTOS DE ADMINISTRACION,4201-15 INDEMNIZACIONES,,,,0,0,0,0,0,0,0,0,4
40025824,4201 GASTOS DE ADMINISTRACION,4201-16 ARRIENDO MAQUINAS Y EQUIPOS,,,,0,0,0,0,0,0,0,0,4
40025825,4201 GASTOS DE ADMINISTRACION,4201-17 ASIGNACION DE CAJA,,,,0,0,0,0,0,0,0,0,4
40025826,4201 GASTOS DE ADMINISTRACION,4201-18 SEGUROS,,,,590794,0,590794,0,0,0,0,590794,4
40025827,4201 GASTOS DE ADMINISTRACION,4201-19 GASTOS CAPACIT. PERSONAL,,,,0,0,0,0,0,0,0,0,4
40026013,4201 GASTOS DE ADMINISTRACION,4201-20 COMISIONES,,,,0,0,0,0,0,0,0,0,4
40026078,4201 GASTOS DE ADMINISTRACION,4201-21 Peajes,,,,825023,0,825023,0,0,0,0,825023,4
40026079,4201 GASTOS DE ADMINISTRACION,4201-22 GASTOS DE CAPACITACION,,,,0,0,0,0,0,0,0,0,4
40025828,4201 GASTOS DE ADMINISTRACION,4201-23 SALA CUNA,,,,0,0,0,0,0,0,0,0,4
40026080,4201 GASTOS DE ADMINISTRACION,4201-24 GASTOS FINANCIEROS,,,,0,0,0,0,0,0,0,0,4
40025829,4201 GASTOS DE ADMINISTRACION,4201-25 GAS,,,,874874,0,874874,0,0,0,0,874874,4
40025830,4201 GASTOS DE ADMINISTRACION,4201-26 LOCOMOCION Y COLACION,,,,413751,0,413751,0,0,0,0,413751,4
40026577,4201 GASTOS DE ADMINISTRACION,4201-27 VIATICOS ADMINISTRACION,,,,0,0,0,0,0,0,0,0,4
40025831,4201 GASTOS DE ADMINISTRACION,4201-28 SINIESTROS,,,,0,0,0,0,0,0,0,0,4
40026050,4201 GASTOS DE ADMINISTRACION,4201-29 GASTOS COMUNES,,,,0,0,0,0,0,0,0,0,4
40025832,4201 GASTOS DE ADMINISTRACION,4201-30 ARRIENDOS,,,,0,0,0,0,0,0,0,0,4
40025833,4201 GASTOS DE ADMINISTRACION,4201-31 TELEFONOS TELEX CORREO,,,,0,0,0,0,0,0,0,0,4
40025834,4201 GASTOS DE ADMINISTRACION,4201-32 SUSCRIPCIONES Y PUBLICACIONES,,,,0,0,0,0,0,0,0,0,4
40025965,4201 GASTOS DE ADMINISTRACION,4201-33 FONDO PUBLICIDAD,,,,0,0,0,0,0,0,0,0,4
40025966,4201 GASTOS DE ADMINISTRACION,4201-34 GGCC Y VARIABLES,,,,0,0,0,0,0,0,0,0,4
40026578,4201 GASTOS DE ADMINISTRACION,4201-35 VIATICO COMERCIAL,,,,0,0,0,0,0,0,0,0,4
40026782,4201 GASTOS DE ADMINISTRACION,4201-36 GASTOS COMERCIAL,,,,0,0,0,0,0,0,0,0,4
40025835,4201 GASTOS DE ADMINISTRACION,4201-37 SERVICIOS COMPUTACIONALES,,,,0,0,0,0,0,0,0,0,4
40025927,4201 GASTOS DE ADMINISTRACION,4201-38 GESTION CASA MATRIZ,,,,0,0,0,0,0,0,0,0,4
40025836,4201 GASTOS DE ADMINISTRACION,4201-39 GASTOS RECHAZADOS,,,,0,0,0,0,0,0,0,0,4
40025837,4201 GASTOS DE ADMINISTRACION,4201-40 DONACIONES,,,,0,0,0,0,0,0,0,0,4
40025992,4201 GASTOS DE ADMINISTRACION,4201-41 BONOS PRODUCCION,,,,0,0,0,0,0,0,0,0,4
40025993,4201 GASTOS DE ADMINISTRACION,4201-42 BONO CAJEROS,,,,0,0,0,0,0,0,0,0,4
40025994,4201 GASTOS DE ADMINISTRACION,4201-43 BONO MEJOR OPERARIO,,,,0,0,0,0,0,0,0,0,4
40025995,4201 GASTOS DE ADMINISTRACION,4201-44 OTROS BONOS,,,,0,0,0,0,0,0,0,0,4
40026001,4201 GASTOS DE ADMINISTRACION,4201-45 INDEMNIZACIONES,,,,0,0,0,0,0,0,0,0,4
40026002,4201 GASTOS DE ADMINISTRACION,4201-46 FERIADO LEGAL,,,,0,0,0,0,0,0,0,0,4
40026003,4201 GASTOS DE ADMINISTRACION,4201-47 HORAS EXTRAS,,,,1641325,0,1641325,0,0,0,0,1641325,4
40026046,4201 GASTOS DE ADMINISTRACION,4201-48 ARRIENDOS,,,,0,0,0,0,0,0,0,0,4
40026069,4201 GASTOS DE ADMINISTRACION,4201-49 UNIFORME PERSONAL,,,,113240,0,113240,0,0,0,0,113240,4
40026133,4201 GASTOS DE ADMINISTRACION,4201-50 CONTRIBUCIONES,,,,0,0,0,0,0,0,0,0,4
40026134,4201 GASTOS DE ADMINISTRACION,4201-51 ASESORIAS GERENCIALES,,,,0,0,0,0,0,0,0,0,4
40026220,4201 GASTOS DE ADMINISTRACION,4201-52 GASTO DE CORREO,,,,0,0,0,0,0,0,0,0,4
40026231,4201 GASTOS DE ADMINISTRACION,4201-53 COMERCIO ELECTRONICO,,,,0,0,0,0,0,0,0,0,4
40026232,4201 GASTOS DE ADMINISTRACION,4201-54 MARKETING,,,,0,0,0,0,0,0,0,0,4
40026233,4201 GASTOS DE ADMINISTRACION,4201-55 SEGUROS FRANCIA,,,,0,0,0,0,0,0,0,0,4
40026249,4201 GASTOS DE ADMINISTRACION,4201-56 GASTOS DE ASEO,,,,0,0,0,0,0,0,0,0,4
40026252,4201 GASTOS DE ADMINISTRACION,4201-57 GASTOS DE SERVICIOS Y ADM,,,,0,0,0,0,0,0,0,0,4
40026309,4201 GASTOS DE ADMINISTRACION,4201-58 GASTOS GERENCIALES,,,,0,0,0,0,0,0,0,0,4
40026310,4201 GASTOS DE ADMINISTRACION,4201-59 GASTOS DE VIAJES,,,,0,0,0,0,0,0,0,0,4
40026311,4201 GASTOS DE ADMINISTRACION,4201-60 PROMOCIONES,,,,0,0,0,0,0,0,0,0,4
40026312,4201 GASTOS DE ADMINISTRACION,4201-61 GASTOS DE ENVÍO AL EXTRANJERO,,,,0,0,0,0,0,0,0,0,4
40026313,4201 GASTOS DE ADMINISTRACION,4201-62 LUZ GAS AGUA,,,,0,0,0,0,0,0,0,0,4
40026314,4201 GASTOS DE ADMINISTRACION,4201-63 ARRIENDO OFICINA,,,,0,0,0,0,0,0,0,0,4
40026315,4201 GASTOS DE ADMINISTRACION,4201-64 ARRIENDO DE SALA O ESPACIO,,,,0,0,0,0,0,0,0,0,4
40026316,4201 GASTOS DE ADMINISTRACION,4201-65 GASTOS DE LOGISTICA ALMACEN,,,,0,0,0,0,0,0,0,0,4
40026317,4201 GASTOS DE ADMINISTRACION,4201-66 ALMACENAJE ARCHIVE EXPRESS,,,,0,0,0,0,0,0,0,0,4
40026318,4201 GASTOS DE ADMINISTRACION,4201-67 INTERNET,,,,0,0,0,0,0,0,0,0,4
40026319,4201 GASTOS DE ADMINISTRACION,4201-68 PROMOCION AUTOR,,,,0,0,0,0,0,0,0,0,4
40026332,4201 GASTOS DE ADMINISTRACION,4201-69 OTROS GASTOS DE MKT,,,,0,0,0,0,0,0,0,0,4
40026333,4201 GASTOS DE ADMINISTRACION,4201-70 GASTOS PORTUARIOS,,,,0,0,0,0,0,0,0,0,4
40026334,4201 GASTOS DE ADMINISTRACION,4201-71 PERMISO DE CIRCULACION,,,,0,0,0,0,0,0,0,0,4
40026359,4201 GASTOS DE ADMINISTRACION,4201-72 GASTOS EQUIFAX,,,,0,0,0,0,0,0,0,0,4
40026375,4201 GASTOS DE ADMINISTRACION,4201-73 DERECHOS DE AUTOR,,,,0,0,0,0,0,0,0,0,4
40026383,4201 GASTOS DE ADMINISTRACION,4201-74 ARRIENDO LEASING,,,,0,0,0,0,0,0,0,0,4
40026393,4201 GASTOS DE ADMINISTRACION,4201-75 SOPORTE INFORMATICO,,,,0,0,0,0,0,0,0,0,4
40026394,4201 GASTOS DE ADMINISTRACION,4201-76 ASESORIA LEGAL,,,,0,0,0,0,0,0,0,0,4
40026396,4201 GASTOS DE ADMINISTRACION,4201-77 GESTIÓN MOBILIARIA,,,,0,0,0,0,0,0,0,0,4
40026398,4201 GASTOS DE ADMINISTRACION,4201-78 MAQUINAS EQUIPOS Y BOMBAS,,,,0,0,0,0,0,0,0,0,4
40026399,4201 GASTOS DE ADMINISTRACION,4201-79 GASTOS DE ALIMENTACION,,,,0,0,0,0,0,0,0,0,4
40026400,4201 GASTOS DE ADMINISTRACION,4201-80 GASTOS DE MOVILIZACION,,,,0,0,0,0,0,0,0,0,4
40026404,4201 GASTOS DE ADMINISTRACION,4201-81 COLACION,,,,0,0,0,0,0,0,0,0,4
40026401,4201 GASTOS DE ADMINISTRACION,4201-82 ASESORIA COMERCIAL,,,,0,0,0,0,0,0,0,0,4
40026409,4201 GASTOS DE ADMINISTRACION,4201-83 BONOS,,,,615460,0,615460,0,0,0,0,615460,4
40026449,4201 GASTOS DE ADMINISTRACION,4201-84 GASTOS DE ADM. Y VENTAS AMABOOK,,,,0,0,0,0,0,0,0,0,4
40026450,4201 GASTOS DE ADMINISTRACION,4201-85 DESPACHO VENTAS AMABOOK,,,,0,0,0,0,0,0,0,0,4
40026451,4201 GASTOS DE ADMINISTRACION,4201-86 LICENCIA DE MARCA,,,,0,0,0,0,0,0,0,0,4
40026452,4201 GASTOS DE ADMINISTRACION,4201-87 DERECHO DE MARCAS AMABOOK,,,,0,0,0,0,0,0,0,0,4
40026460,4201 GASTOS DE ADMINISTRACION,4201-88 AGUINALDO,,,,0,0,0,0,0,0,0,0,4
40026461,4201 GASTOS DE ADMINISTRACION,4201-89 SUELDO BASE,,,,0,0,0,0,0,0,0,0,4
40026471,4201 GASTOS DE ADMINISTRACION,4201-90 GASTOS VARIOS,,,,0,0,0,0,0,0,0,0,4
40026472,4201 GASTOS DE ADMINISTRACION,4201-91 MANTENCION CIRCUITO CCTV,,,,0,0,0,0,0,0,0,0,4
40026504,4201 GASTOS DE ADMINISTRACION,4201-92 BONO GERENCIAL ANUAL,,,,0,0,0,0,0,0,0,0,4
40026505,4201 GASTOS DE ADMINISTRACION,4201-93 COMISION POR FACTORING,,,,0,0,0,0,0,0,0,0,4
40026506,4201 GASTOS DE ADMINISTRACION,4201-94 EXAMENES OCUPACIONALES,,,,0,0,0,0,0,0,0,0,4
40026529,4201 GASTOS DE ADMINISTRACION,4201-95 INTERES FACTORING,,,,0,0,0,0,0,0,0,0,4
40026552,4201 GASTOS DE ADMINISTRACION,4201-96 HONORARIOS MANAGEMENT,,,,0,0,0,0,0,0,0,0,4
40026554,4201 GASTOS DE ADMINISTRACION,4201-97 GASTOS DE CORREO,,,,0,0,0,0,0,0,0,0,4
40026559,4201 GASTOS DE ADMINISTRACION,4201-98 HONORARIOS INFLUENCER,,,,0,0,0,0,0,0,0,0,4
40026572,4201 GASTOS DE ADMINISTRACION,4201-99 GASTOS DE TELEFONO,,,,230985,0,230985,0,0,0,0,230985,4
40026632,4202 GASTOS DE ADMINISTRACION 2,4202 GASTOS DE ADMINISTRACION 2,,,,0,0,0,0,0,0,0,0,4
40026633,4202 GASTOS DE ADMINISTRACION 2,4202-01 ARRIENDOS VEHICULOS FUERA REGION,,,,0,0,0,0,0,0,0,0,4
40026666,4202 GASTOS DE ADMINISTRACION 2,4202-02 GESTION EMPRESARIAL,,,,0,0,0,0,0,0,0,0,4
40026667,4202 GASTOS DE ADMINISTRACION 2,4202-03 INSUMOS DE LIMPIEZA,,,,0,0,0,0,0,0,0,0,4
40026668,4202 GASTOS DE ADMINISTRACION 2,4202-04 INSUMOS DE JARDINERIA,,,,0,0,0,0,0,0,0,0,4
40026669,4202 GASTOS DE ADMINISTRACION 2,4202-05 GASTOS DE ADMINISTRACION,,,,0,0,0,0,0,0,0,0,4
40026670,4202 GASTOS DE ADMINISTRACION 2,4202-06 DERECHOS DE AGUA Y ACCESO,,,,0,0,0,0,0,0,0,0,4
40026671,4202 GASTOS DE ADMINISTRACION 2,4202-07 OTROS SUELDOS,,,,0,0,0,0,0,0,0,0,4
40026672,4202 GASTOS DE ADMINISTRACION 2,4202-08 PERSONAL DE ASEO,,,,0,0,0,0,0,0,0,0,4
40026673,4202 GASTOS DE ADMINISTRACION 2,4202-09 SUPERVISORES,,,,0,0,0,0,0,0,0,0,4
40026674,4202 GASTOS DE ADMINISTRACION 2,4202-10 ALOJAMIENTO TRABAJADORES,,,,0,0,0,0,0,0,0,0,4
40026675,4202 GASTOS DE ADMINISTRACION 2,4202-11 CAPACITACIONES,,,,0,0,0,0,0,0,0,0,4
40026676,4202 GASTOS DE ADMINISTRACION 2,4202-12 COMIDA EQUIPO,,,,0,0,0,0,0,0,0,0,4
40026677,4202 GASTOS DE ADMINISTRACION 2,4202-13 CONSTRUCCION,,,,0,0,0,0,0,0,0,0,4
40026678,4202 GASTOS DE ADMINISTRACION 2,4202-14 DEMANDAS LABORALES,,,,0,0,0,0,0,0,0,0,4
40026679,4202 GASTOS DE ADMINISTRACION 2,4202-15 GASTOS LICENCIAS ERP,,,,0,0,0,0,0,0,0,0,4
40026680,4202 GASTOS DE ADMINISTRACION 2,4202-16 PRACTICANTES,,,,0,0,0,0,0,0,0,0,4
40026681,4202 GASTOS DE ADMINISTRACION 2,4202-17 SERVICIOS EXTERNALIZADOS,,,,0,0,0,0,0,0,0,0,4
40026682,4202 GASTOS DE ADMINISTRACION 2,4202-18 RECICLAJE/BASURA,,,,0,0,0,0,0,0,0,0,4
40026683,4202 GASTOS DE ADMINISTRACION 2,4202-19 JARDINERIA,,,,0,0,0,0,0,0,0,0,4
40026684,4202 GASTOS DE ADMINISTRACION 2,4202-20 LAVANDERIA,,,,0,0,0,0,0,0,0,0,4
40026685,4202 GASTOS DE ADMINISTRACION 2,4202-21 LIMPIEZA DE VIDRIOS,,,,0,0,0,0,0,0,0,0,4
40026686,4202 GASTOS DE ADMINISTRACION 2,4202-22 VIATICO,,,,0,0,0,0,0,0,0,0,4
40026687,4202 GASTOS DE ADMINISTRACION 2,4202-23 EQUIPO DE SEGURIDAD,,,,709710,0,709710,0,0,0,0,709710,4
40026688,4202 GASTOS DE ADMINISTRACION 2,4202-24 ARRIENDOS DE MAQUINARIA,,,,0,0,0,0,0,0,0,0,4
40026691,4202 GASTOS DE ADMINISTRACION 2,4202-25 SEMANA CORRIDA,,,,0,0,0,0,0,0,0,0,4
40026694,4202 GASTOS DE ADMINISTRACION 2,4202-26 TOTAL ASIGNACIONES,,,,2400,0,2400,0,0,0,0,2400,4
40026700,4202 GASTOS DE ADMINISTRACION 2,4202-27 TAXI,,,,0,0,0,0,0,0,0,0,4
40026729,4202 GASTOS DE ADMINISTRACION 2,4202-28 ELEMENTOS DE PROTECCIÓN PERSONAL,,,,0,0,0,0,0,0,0,0,4
40026761,4202 GASTOS DE ADMINISTRACION 2,4202-29 GASTOS HONORARIOS,,,,0,0,0,0,0,0,0,0,4
40026766,4202 GASTOS DE ADMINISTRACION 2,4202-30 BOTADERO,,,,0,0,0,0,0,0,0,0,4
40026775,4202 GASTOS DE ADMINISTRACION 2,4202-31 UTENSILIOS DE PRODUCCIÓN,,,,0,0,0,0,0,0,0,0,4
40026779,4202 GASTOS DE ADMINISTRACION 2,4202-32 ARRIENDO OFICINA VIRTUAL,,,,0,0,0,0,0,0,0,0,4
40026799,4202 GASTOS DE ADMINISTRACION 2,4202-33 GASTOS MEDICOS PERSONAL,,,,0,0,0,0,0,0,0,0,4
40026806,4202 GASTOS DE ADMINISTRACION 2,4202-34 GPS,,,,0,0,0,0,0,0,0,0,4
40026820,4202 GASTOS DE ADMINISTRACION 2,4202-35 SERVICIOS DATA CENTER,,,,0,0,0,0,0,0,0,0,4
40026821,4202 GASTOS DE ADMINISTRACION 2,4202-36 PERMISOS TELEVISIVOS,,,,0,0,0,0,0,0,0,0,4
40026857,4202 GASTOS DE ADMINISTRACION 2,4202-37 CONVENIOS CENCOSUD,,,,31363269,0,31363269,0,0,0,0,31363269,4
40026858,4202 GASTOS DE ADMINISTRACION 2,4202-38 CONVENIOS TOTTUS S,,,,5696355,0,5696355,0,0,0,0,5696355,4
40026859,4202 GASTOS DE ADMINISTRACION 2,4202-39 INSUMOS PACKING,,,,0,0,0,0,0,0,0,0,4
40026860,4202 GASTOS DE ADMINISTRACION 2,4202-40 PACKING,,,,0,0,0,0,0,0,0,0,4
40026861,4202 GASTOS DE ADMINISTRACION 2,4202-41 ANALISIS LABORATORIO,,,,0,0,0,0,0,0,0,0,4
40026862,4202 GASTOS DE ADMINISTRACION 2,4202-42 MANO DE OBRA CONSTR INFRAESTRUCTURAS,,,,0,0,0,0,0,0,0,0,4
40026863,4202 GASTOS DE ADMINISTRACION 2,4202-43 CONVENIOS WALMART,,,,0,0,0,0,0,0,0,0,4
40026864,4202 GASTOS DE ADMINISTRACION 2,4202-44 CONVENIOS RENDIC,,,,0,0,0,0,0,0,0,0,4
40026865,4202 GASTOS DE ADMINISTRACION 2,4202-45 CONVENIOS SUPER 10,,,,0,0,0,0,0,0,0,0,4
40026866,4202 GASTOS DE ADMINISTRACION 2,4202-46 TABLEROS,,,,0,0,0,0,0,0,0,0,4
40026892,4202 GASTOS DE ADMINISTRACION 2,4202-47 COSTO MAQUINARIA FRANQUICIADO,,,,0,0,0,0,0,0,0,0,4
40026893,4202 GASTOS DE ADMINISTRACION 2,4202-48 COSTO ACAÍ FRANQUICIADO,,,,0,0,0,0,0,0,0,0,4
40026894,4202 GASTOS DE ADMINISTRACION 2,4202-49 COSTO DESECHABLE FRANQUICIADO,,,,0,0,0,0,0,0,0,0,4
40026904,4202 GASTOS DE ADMINISTRACION 2,4202-50 COSTO DESECHABLES,,,,0,0,0,0,0,0,0,0,4
40026906,4202 GASTOS DE ADMINISTRACION 2,4202-51 INDEMNIZACION SEGUROS,,,,0,0,0,0,0,0,0,0,4
40026909,4202 GASTOS DE ADMINISTRACION 2,4202-52 Recolección Desechos No Peligrosos,,,,0,0,0,0,0,0,0,0,4
40026910,4202 GASTOS DE ADMINISTRACION 2,4202-53 MANTENCION DE DUCTOS,,,,0,0,0,0,0,0,0,0,4
40026912,4202 GASTOS DE ADMINISTRACION 2,4202-54 GASTOS INFLUENCERS,,,,0,0,0,0,0,0,0,0,4
40026913,4202 GASTOS DE ADMINISTRACION 2,4202-55 GASTOS DE OPERACION LOGISTICA,,,,0,0,0,0,0,0,0,0,4
40026914,4202 GASTOS DE ADMINISTRACION 2,4202-56 GASTOS POS VENTAS,,,,0,0,0,0,0,0,0,0,4
40026915,4202 GASTOS DE ADMINISTRACION 2,4202-57 COSTO TOPPINGS FRANQUICIADO,,,,0,0,0,0,0,0,0,0,4
40026928,4202 GASTOS DE ADMINISTRACION 2,4202-58 CERTIFICACIONES,,,,0,0,0,0,0,0,0,0,4
40026944,4202 GASTOS DE ADMINISTRACION 2,4202-59 BENEFICIOS DEL PERSONAL,,,,0,0,0,0,0,0,0,0,4
40026946,4202 GASTOS DE ADMINISTRACION 2,4202-60 INSUMOS,,,,0,0,0,0,0,0,0,0,4
40026947,4202 GASTOS DE ADMINISTRACION 2,4202-61 INTERNET,,,,0,0,0,0,0,0,0,0,4
40026948,4202 GASTOS DE ADMINISTRACION 2,4202-62 COSTO DE FRUTA,,,,0,0,0,0,0,0,0,0,4
40026974,4202 GASTOS DE ADMINISTRACION 2,4202-63 ANALISIS DE MUESTRAS,,,,0,0,0,0,0,0,0,0,4
40026976,4202 GASTOS DE ADMINISTRACION 2,4202-64 GASTO POR ANTICIPO,,,,0,0,0,0,0,0,0,0,4
40026979,4202 GASTOS DE ADMINISTRACION 2,4202-65 GASTOS POR GARANTIA,,,,0,0,0,0,0,0,0,0,4
40026983,4202 GASTOS DE ADMINISTRACION 2,4202-66 GASTOS MUNICIPALES,,,,0,0,0,0,0,0,0,0,4
40027008,4202 GASTOS DE ADMINISTRACION 2,4202-67 GASTOS POR TRATAMIENTOS DE BELLEZA,,,,0,0,0,0,0,0,0,0,4
40027020,4202 GASTOS DE ADMINISTRACION 2,4202-68 TASACION,,,,0,0,0,0,0,0,0,0,4
40027028,4202 GASTOS DE ADMINISTRACION 2,4202-69 RESERVA VEHICULAR,,,,0,0,0,0,0,0,0,0,4
40027037,4202 GASTOS DE ADMINISTRACION 2,4202-70 BIENESTAR DEL PERSONAL,,,,0,0,0,0,0,0,0,0,4
40027038,4202 GASTOS DE ADMINISTRACION 2,4202-71 HERRAMIENTAS Y EQUIPOS MENORES,,,,0,0,0,0,0,0,0,0,4
40027044,4202 GASTOS DE ADMINISTRACION 2,4202-72 ARRIENDO BAÑOS QUIMICOS,,,,0,0,0,0,0,0,0,0,4
40027045,4202 GASTOS DE ADMINISTRACION 2,4202-73 SERVICIO DE TRACTOREO,,,,0,0,0,0,0,0,0,0,4
40027047,4202 GASTOS DE ADMINISTRACION 2,4202-74 DISPOSICIÓN DE RESIDUOS,,,,0,0,0,0,0,0,0,0,4
40027049,4202 GASTOS DE ADMINISTRACION 2,4202-75 ACREDITACIONES PORTUARIAS,,,,0,0,0,0,0,0,0,0,4
40027058,4202 GASTOS DE ADMINISTRACION 2,4202-76 ATENCIÓN ANESTESICA,,,,0,0,0,0,0,0,0,0,4
40027059,4202 GASTOS DE ADMINISTRACION 2,4202-77 PACIENTES PAD,,,,0,0,0,0,0,0,0,0,4
40027060,4202 GASTOS DE ADMINISTRACION 2,4202-78 ATENCIÓN QUIRÚRGICA,,,,0,0,0,0,0,0,0,0,4
40027061,4202 GASTOS DE ADMINISTRACION 2,4202-79 ATENCIÓN BARIATRICA,,,,0,0,0,0,0,0,0,0,4
40027062,4202 GASTOS DE ADMINISTRACION 2,4202-80 ATENCIÓN NUTRIOLOGÍA,,,,0,0,0,0,0,0,0,0,4
40027063,4202 GASTOS DE ADMINISTRACION 2,4202-81 SERVICIOS DE ENFERMERIA,,,,0,0,0,0,0,0,0,0,4
40027064,4202 GASTOS DE ADMINISTRACION 2,4202-82 ATENCIÓN KINESIOLOGICA,,,,0,0,0,0,0,0,0,0,4
40027065,4202 GASTOS DE ADMINISTRACION 2,4202-83 MEDICINA INTERNA,,,,0,0,0,0,0,0,0,0,4
40052228,4202 GASTOS DE ADMINISTRACION 2,4202-84 IVA NO RECUPERABLE,,,,0,0,0,0,0,0,0,0,4
40107043,4202 GASTOS DE ADMINISTRACION 2,4202-85 SERVICIOS ARSENALERIA,,,,0,0,0,0,0,0,0,0,4
40025838,4204 FLUCTUACION DE CAMBIOS,4204 FLUCTUACION DE CAMBIOS,,,,0,0,0,0,0,0,0,0,4
40025839,4204 FLUCTUACION DE CAMBIOS,4204-01 FLUCTUACION DE CAMBIOS,,,,0,0,0,0,0,0,0,0,4
40026584,4204 FLUCTUACION DE CAMBIOS,4204-02 INFORMES DICOM,,,,0,0,0,0,0,0,0,0,4
40026585,4204 FLUCTUACION DE CAMBIOS,4204-03 GESTION SUELDOS LEYAS,,,,0,0,0,0,0,0,0,0,4
40026586,4204 FLUCTUACION DE CAMBIOS,4204-04 GASTOS DE CONSTRUCCION,,,,0,0,0,0,0,0,0,0,4
40026593,4204 FLUCTUACION DE CAMBIOS,4204-05 EQUIPOS DE OFICINA,,,,0,0,0,0,0,0,0,0,4
40026587,4204 FLUCTUACION DE CAMBIOS,4204-06 LICENCIAS Y SOFTWARE,,,,81690,0,81690,0,0,0,0,81690,4
40026588,4204 FLUCTUACION DE CAMBIOS,4204-07 MARKETING Y RRSS,,,,0,0,0,0,0,0,0,0,4
40026589,4204 FLUCTUACION DE CAMBIOS,4204-08 MULTAS CLIENTES,,,,0,0,0,0,0,0,0,0,4
40026590,4204 FLUCTUACION DE CAMBIOS,4204-09 PRACTICANTES,,,,0,0,0,0,0,0,0,0,4
40026591,4204 FLUCTUACION DE CAMBIOS,4204-10 RECICLAJE / BASURA,,,,200000,0,200000,0,0,0,0,200000,4
40026592,4204 FLUCTUACION DE CAMBIOS,4204-11 SERVICIOS TERCERIZADOS,,,,0,0,0,0,0,0,0,0,4
40026645,4204 FLUCTUACION DE CAMBIOS,4204-12 GASTOS DE TRABAJO,,,,0,0,0,0,0,0,0,0,4
40025840,4205 GASTOS FINANCIEROS,4205 GASTOS FINANCIEROS,,,,0,0,0,0,0,0,0,0,4
40025841,4205 GASTOS FINANCIEROS,4205-01 INTERESES Y REAJUSTES,,,,0,0,0,0,0,0,0,0,4
40025842,4205 GASTOS FINANCIEROS,4205-02 INTS PRORROGA PROVEEDORES,,,,0,0,0,0,0,0,0,0,4
40025843,4205 GASTOS FINANCIEROS,4205-04 REAJUSTES PPM,,,,0,0,0,0,0,0,0,0,4
40025921,4205 GASTOS FINANCIEROS,4205-05 DEPRECIACION,,,,0,0,0,0,0,0,0,0,4
40025922,4205 GASTOS FINANCIEROS,4205-06 AMORTIZACION P MARCHA,,,,0,0,0,0,0,0,0,0,4
40025923,4205 GASTOS FINANCIEROS,4205-07 AMORTIZACION INSTALACIONES,,,,0,0,0,0,0,0,0,0,4
40026207,4205 GASTOS FINANCIEROS,4205-08 GASTOS POR INVERSION,,,,0,0,0,0,0,0,0,0,4
40026257,4205 GASTOS FINANCIEROS,4205-09 AMORTIZACION,,,,0,0,0,0,0,0,0,0,4
40026395,4205 GASTOS FINANCIEROS,4205-10 COSTO VENTA DE ACCIONES,,,,0,0,0,0,0,0,0,0,4
40026626,4205 GASTOS FINANCIEROS,4205-11 GASTOS EXTRAORDINARIOS,,,,0,0,0,0,0,0,0,0,4
40026988,4205 GASTOS FINANCIEROS,4205-12 INTERESES PAGARÉ,,,,0,0,0,0,0,0,0,0,4
40026989,4205 GASTOS FINANCIEROS,4205-13 INTERESES CONVENIOS TGR,,,,0,0,0,0,0,0,0,0,4
40025844,4291 CASTIGOS Y AMORTIZACIONES,4291 CASTIGOS Y AMORTIZACIONES,,,,0,0,0,0,0,0,0,0,4
40025845,4291 CASTIGOS Y AMORTIZACIONES,4291-01 CASTIGOS Y AMORTIZACIONES,,,,0,0,0,0,0,0,0,0,4
40025846,4292 CASTIGO DEUDORES MOROSOS,4292 CASTIGO DEUDORES MOROSOS,,,,0,0,0,0,0,0,0,0,4
40025847,4292 CASTIGO DEUDORES MOROSOS,4292-01 CASTIGO DEUDORES MOROSOS,,,,0,0,0,0,0,0,0,0,4
40026151,4292 CASTIGO DEUDORES MOROSOS,4292-02 AMORTIZACION FRANCHE FREE,,,,0,0,0,0,0,0,0,0,4
40026406,4292 CASTIGO DEUDORES MOROSOS,4292-03 DESCUENTO PRONTO PAGO,,,,0,0,0,0,0,0,0,0,4
40026617,4292 CASTIGO DEUDORES MOROSOS,4292-04 BONO ANUAL,,,,0,0,0,0,0,0,0,0,4
40025848,,43 GASTOS DE VENTAS,,,,0,0,0,0,0,0,0,0,4
40025849,4301 GASTOS DE VENTAS,4301 GASTOS DE VENTAS,,,,0,0,0,0,0,0,0,0,4
40025850,4301 GASTOS DE VENTAS,4301-01 COMISIONES MEDIOS DE PAGO,,,,0,0,0,0,0,0,0,0,4
40025851,4301 GASTOS DE VENTAS,4301-02 GASTOS COBRANZA,,,,0,0,0,0,0,0,0,0,4
40025852,4301 GASTOS DE VENTAS,4301-03 PUBLICIDAD,,,,0,0,0,0,0,0,0,0,4
40026647,4301 GASTOS DE VENTAS,4301-04 OTROS DESCUENTOS DEL PERSONAL,,,,0,0,0,0,0,0,0,0,4
40025853,4301 GASTOS DE VENTAS,4301-05 OTROS GASTOS VENTAS,,,,0,0,0,0,0,0,0,0,4
40025926,4301 GASTOS DE VENTAS,4301-06 COMISIONES TRANSBANK,,,,0,0,0,0,0,0,0,0,4
40026139,4301 GASTOS DE VENTAS,4301-07 COMISIONES BANCARIAS,,,,45028,0,45028,0,0,0,0,45028,4
40026523,4301 GASTOS DE VENTAS,4301-08 COMISIONES GETNET,,,,0,0,0,0,0,0,0,0,4
40026571,4301 GASTOS DE VENTAS,4301-09 COMISION DELIVERY,,,,0,0,0,0,0,0,0,0,4
40026646,4301 GASTOS DE VENTAS,4301-10 COMISIONES E INTERESES,,,,0,0,0,0,0,0,0,0,4
40026743,4301 GASTOS DE VENTAS,4301-11 PRESTACION DE SERVICIO ESPORADICO,,,,0,0,0,0,0,0,0,0,4
40026744,4301 GASTOS DE VENTAS,4301-12 COMISIONES WIRE,,,,0,0,0,0,0,0,0,0,4
40026747,4301 GASTOS DE VENTAS,4301-13 MASTER FREE,,,,0,0,0,0,0,0,0,0,4
40026751,4301 GASTOS DE VENTAS,4301-14 GASTOS DE MATERIALES,,,,0,0,0,0,0,0,0,0,4
40026757,4301 GASTOS DE VENTAS,4301-15 GASTOS DE ADUANA,,,,0,0,0,0,0,0,0,0,4
40026758,4301 GASTOS DE VENTAS,4301-16 MKT FUND,,,,0,0,0,0,0,0,0,0,4
40026774,4301 GASTOS DE VENTAS,4301-17 COMISIONES RAPPEL,,,,0,0,0,0,0,0,0,0,4
40026930,4301 GASTOS DE VENTAS,4301-18 PERDIDA POR ROBO,,,,0,0,0,0,0,0,0,0,4
40026933,4301 GASTOS DE VENTAS,4301-19 COMISIONES AMIPASS,,,,0,0,0,0,0,0,0,0,4
40026935,4301 GASTOS DE VENTAS,4301-20 COSTO PRODUCTO ENTERO,,,,0,0,0,0,0,0,0,0,4
40026936,4301 GASTOS DE VENTAS,4301-21 COSTO PRODUCTO TROZADO,,,,0,0,0,0,0,0,0,0,4
40026937,4301 GASTOS DE VENTAS,4301-22 COSTO PRODUCTO PICADO,,,,0,0,0,0,0,0,0,0,4
40026938,4301 GASTOS DE VENTAS,4301-23 COSTO PRODUCTO CUBO,,,,0,0,0,0,0,0,0,0,4
40026939,4301 GASTOS DE VENTAS,4301-24 MERMAS,,,,0,0,0,0,0,0,0,0,4
40026942,4301 GASTOS DE VENTAS,4301-25 COSTO REMUNERACION PACKING,,,,0,0,0,0,0,0,0,0,4
40026943,4301 GASTOS DE VENTAS,4301-26 COMISIONES AFEX,,,,0,0,0,0,0,0,0,0,4
40026954,4301 GASTOS DE VENTAS,4301-27 COSTO VENTA SEMILLAS,,,,0,0,0,0,0,0,0,0,4
40026958,4301 GASTOS DE VENTAS,4301-28 COMISIONES POR CONVERSIÓN,,,,0,0,0,0,0,0,0,0,4
40026981,4301 GASTOS DE VENTAS,4301-29 CONTROL DE PLAGAS,,,,0,0,0,0,0,0,0,0,4
40027001,4301 GASTOS DE VENTAS,4301-30 COMISIONES EDENRED,,,,0,0,0,0,0,0,0,0,4
40027002,4301 GASTOS DE VENTAS,4301-31 COMISIONES SODEXO,,,,0,0,0,0,0,0,0,0,4
40027023,4301 GASTOS DE VENTAS,4301-32 COSTO MERCH,,,,0,0,0,0,0,0,0,0,4
40027024,4301 GASTOS DE VENTAS,4301-33 MERMAS BODEGA,,,,0,0,0,0,0,0,0,0,4
40027026,4301 GASTOS DE VENTAS,4301-34 INSUMOS PRODUCCION,,,,0,0,0,0,0,0,0,0,4
40027067,4301 GASTOS DE VENTAS,4301-35 COMISIONES POR CAPTACIÓN,,,,0,0,0,0,0,0,0,0,4
40025854,,44 EGRESOS NO OPERACIONALES,,,,0,0,0,0,0,0,0,0,4
40025855,4401 EGRESOS NO OPERACIONALES,4401 EGRESOS NO OPERACIONALES,,,,0,0,0,0,0,0,0,0,4
40025856,4401 EGRESOS NO OPERACIONALES,4401-01 INTERESES PAGADOS,,,,2058309,0,2058309,0,0,0,0,2058309,4
40025857,4401 EGRESOS NO OPERACIONALES,4401-02 REMUNERACIONES DIRECTORES,,,,0,0,0,0,0,0,0,0,4
40025858,4401 EGRESOS NO OPERACIONALES,4401-03 SUELDO EMPRESARIAL,,,,0,0,0,0,0,0,0,0,4
40026265,4401 EGRESOS NO OPERACIONALES,4401-04 INTERESES PAGADOS ITAU,,,,0,0,0,0,0,0,0,0,4
40026266,4401 EGRESOS NO OPERACIONALES,4401-05 INTERESES PAGADOS ITAU,,,,0,0,0,0,0,0,0,0,4
40026267,4401 EGRESOS NO OPERACIONALES,4401-06 INTERESES PAGADOS CHILE,,,,0,0,0,0,0,0,0,0,4
40026802,4401 EGRESOS NO OPERACIONALES,4401-07 INTERESES MUTUO,,,,0,0,0,0,0,0,0,0,4
40025859,4404 COSTO VTAS ACTIVO FIJO,4404 COSTO VTAS ACTIVO FIJO,,,,0,0,0,0,0,0,0,0,4
40025860,4404 COSTO VTAS ACTIVO FIJO,4404-01 COSTO VTAS ACTIVO FIJO,,,,0,0,0,0,0,0,0,0,4
40026616,4404 COSTO VTAS ACTIVO FIJO,4404-07 PERDIDA VENTA AF,,,,0,0,0,0,0,0,0,0,4
40025861,4405 REAJUSTE CRED. FISCAL,4405 REAJUSTE CRED. FISCAL,,,,0,0,0,0,0,0,0,0,4
40025862,4405 REAJUSTE CRED. FISCAL,4405-01 REAJUSTE CRED. FISCAL,,,,0,0,0,0,0,0,0,0,4
40025863,,45 CORRECCION MONETARIA,,,,0,0,0,0,0,0,0,0,4
40025864,4501 CORRECCION MONETARIA,4501 CORRECCION MONETARIA,,,,0,0,0,0,0,0,0,0,4
40025865,4501 CORRECCION MONETARIA,4501-01 CAPITAL PROPIO INICIAL,,,,0,0,0,0,0,0,0,0,4
40025866,4501 CORRECCION MONETARIA,4501-02 AUMENTOS DE CAPITAL,,,,0,0,0,0,0,0,0,0,4
40025867,4501 CORRECCION MONETARIA,4501-03 DISMINUCIONES DE CAPITAL,,,,0,0,0,0,0,0,0,0,4
40025868,4501 CORRECCION MONETARIA,4501-04 IMPUESTO PROVISIONAL,,,,0,0,0,0,0,0,0,0,4
40025869,4501 CORRECCION MONETARIA,4501-05 ACTIVO INMOVILIZADO,,,,0,0,0,0,0,0,0,0,4
40025870,4501 CORRECCION MONETARIA,4501-06 EXISTENCIAS,,,,0,0,0,0,0,0,0,0,4
40025871,4501 CORRECCION MONETARIA,4501-07 DEUDA MONEDA EXTRANJERA,,,,0,0,0,0,0,0,0,0,4
40025872,4501 CORRECCION MONETARIA,4501-08 GASTOS DIFERIDOS,,,,0,0,0,0,0,0,0,0,4
40025873,4501 CORRECCION MONETARIA,4501-09 DEUDAS REAJUSTABLES,,,,0,0,0,0,0,0,0,0,4
40025874,4501 CORRECCION MONETARIA,4501-10 ACCIONES,,,,0,0,0,0,0,0,0,0,4
40025875,4501 CORRECCION MONETARIA,4501-11 GASTOS RECHAZADOS,,,,0,0,0,0,0,0,0,0,4
40025876,4501 CORRECCION MONETARIA,4501-12 OTROS ACTIVOS,,,,0,0,0,0,0,0,0,0,4
40026066,4501 CORRECCION MONETARIA,4501-13 DIFERENCIAS DE PAGO,,,,24511,1,24510,0,0,0,0,24510,4
40026122,4501 CORRECCION MONETARIA,4501-14 CM ACTIVO,,,,0,0,0,0,0,0,0,0,4
40026123,4501 CORRECCION MONETARIA,4501-15 CM PASIVO,,,,0,0,0,0,0,0,0,0,4
40026124,4501 CORRECCION MONETARIA,4501-16 CM PATRIMONIO,,,,0,0,0,0,0,0,0,0,4
40026271,4501 CORRECCION MONETARIA,4501-17 DIFERENCIA DE CAMBIO,,,,0,0,0,0,0,0,0,0,4
40025877,,47 IMPUESTO A LA RENTA,,,,0,0,0,0,0,0,0,0,4
40025878,4701 IMPUESTO AL LUJO,4701 IMPUESTO AL LUJO,,,,0,0,0,0,0,0,0,0,4
40025879,4701 IMPUESTO AL LUJO,4701-01 IMPTO PRIMERA CATEGORIA,,,,0,0,0,0,0,0,0,0,4
40026425,4701 IMPUESTO AL LUJO,4701-02 IMPUESTO ADICIONAL,,,,0,0,0,0,0,0,0,0,4
40026805,4701 IMPUESTO AL LUJO,4701-03 IMPUESTO AL LUJO,,,,0,0,0,0,0,0,0,0,4
40026961,4701 IMPUESTO AL LUJO,4701-04 IMPUESTO ESPECÍFICO DIESEL,,,,111139,0,111139,0,0,0,0,111139,4
40026962,4701 IMPUESTO AL LUJO,4701-05 IMPUESTO ESPECÍFICO GASOLINA,,,,126026,0,126026,0,0,0,0,126026,4
40026987,4701 IMPUESTO AL LUJO,4701-06 IMPUESTO TIMBRE Y ESTAMPILLA,,,,0,0,0,0,0,0,0,0,4
40027021,4701 IMPUESTO AL LUJO,4701-07 REAJUSTE art.72,,,,0,0,0,0,0,0,0,0,4
40027025,4701 IMPUESTO AL LUJO,4701-08 IMPTO ENAJENACION DE ACCIONES,,,,0,0,0,0,0,0,0,0,4
40027054,4701 IMPUESTO AL LUJO,4701-09 OTROS IMPUESTOS,,,,0,0,0,0,0,0,0,0,4
40025880,,5 RESULTADOS/GANANCIAS,,,,0,0,0,0,0,0,0,0,3
40025881,,51 INGRESOS DE EXPLOTACION,,,,0,0,0,0,0,0,0,0,3
40025882,5101 INGRESOS DE EXPLOTACION,5101 INGRESOS DE EXPLOTACION,,,,0,0,0,0,0,0,0,0,3
40025883,5101 INGRESOS DE EXPLOTACION,5101-01 VENTAS,,,,17559762,245590320,0,228030558,0,0,228030558,0,3
40025884,5101 INGRESOS DE EXPLOTACION,5101-02 INGRESOS FINANCIAMIENTO,,,,0,0,0,0,0,0,0,0,3
40025885,5101 INGRESOS DE EXPLOTACION,5101-03 VENTA LOCALES,,,,0,0,0,0,0,0,0,0,3
40025931,5101 INGRESOS DE EXPLOTACION,5101-04 VENTAS OBRA,,,,0,0,0,0,0,0,0,0,3
40025934,5101 INGRESOS DE EXPLOTACION,5101-05 PROVISION GUIAS,,,,0,0,0,0,0,0,0,0,3
40025935,5101 INGRESOS DE EXPLOTACION,5101-06 INGRESOS BMP PRODUCTOS CLIENTES,,,,0,0,0,0,0,0,0,0,3
40025936,5101 INGRESOS DE EXPLOTACION,5101-07 INGRESOS BMP PRODUCTOS COLABORADORES,,,,0,0,0,0,0,0,0,0,3
40025937,5101 INGRESOS DE EXPLOTACION,5101-08 INGRESOS SRC SERVICIOS,,,,0,0,0,0,0,0,0,0,3
40025951,5101 INGRESOS DE EXPLOTACION,5101-09 VENTA TANGLE T,,,,0,0,0,0,0,0,0,0,3
40026056,5101 INGRESOS DE EXPLOTACION,5101-10 SERVICIOS DE INSPECCIÓN TÉCNICA,,,,0,0,0,0,0,0,0,0,3
40026132,5101 INGRESOS DE EXPLOTACION,5101-11 ARRIENDOS PERCIBIDOS,,,,0,0,0,0,0,0,0,0,3
40026320,5101 INGRESOS DE EXPLOTACION,5101-12 VENTA ARRIENDO FRANQUICIADO,,,,0,0,0,0,0,0,0,0,3
40026321,5101 INGRESOS DE EXPLOTACION,5101-13 VENTA LIBROS ESPAÑA,,,,0,0,0,0,0,0,0,0,3
40026322,5101 INGRESOS DE EXPLOTACION,5101-14 VENTA LIBROS OBELISCO,,,,0,0,0,0,0,0,0,0,3
40026323,5101 INGRESOS DE EXPLOTACION,5101-15 VENTA LIBROS SIRIOS,,,,0,0,0,0,0,0,0,0,3
40026324,5101 INGRESOS DE EXPLOTACION,5101-16 VENTA LIBROS KAIROS,,,,0,0,0,0,0,0,0,0,3
40026325,5101 INGRESOS DE EXPLOTACION,5101-17 VENTA LIBROS ALMUZARA,,,,0,0,0,0,0,0,0,0,3
40026326,5101 INGRESOS DE EXPLOTACION,5101-18 VENTA LIBROS SALAMANDRA,,,,0,0,0,0,0,0,0,0,3
40026327,5101 INGRESOS DE EXPLOTACION,5101-19 VENTA LIBROS NAVONA,,,,0,0,0,0,0,0,0,0,3
40026328,5101 INGRESOS DE EXPLOTACION,5101-20 VENTA LIBROS ARGENTINA,,,,0,0,0,0,0,0,0,0,3
40026364,5101 INGRESOS DE EXPLOTACION,5101-21 INGRESOS DEVENGADOS,,,,0,0,0,0,0,0,0,0,3
40026427,5101 INGRESOS DE EXPLOTACION,5101-22 APORTES SOCIOS FUNDACION,,,,0,0,0,0,0,0,0,0,3
40026447,5101 INGRESOS DE EXPLOTACION,5101-23 VENTAS AMABOOK,,,,0,0,0,0,0,0,0,0,3
40026464,5101 INGRESOS DE EXPLOTACION,5101-24 VENTAS LECHE,,,,0,0,0,0,0,0,0,0,3
40026465,5101 INGRESOS DE EXPLOTACION,5101-25 VENTAS ANIMALES,,,,0,0,0,0,0,0,0,0,3
40026466,5101 INGRESOS DE EXPLOTACION,5101-26 ARRIENDO MAQUINARIAS,,,,0,0,0,0,0,0,0,0,3
40026482,5101 INGRESOS DE EXPLOTACION,5101-27 VENTAS ARIDOS,,,,0,0,0,0,0,0,0,0,3
40026502,5101 INGRESOS DE EXPLOTACION,5101-28 VENTAS POR CONTRATO,,,,0,0,0,0,0,0,0,0,3
40026514,5101 INGRESOS DE EXPLOTACION,5101-29 OTROS INGRESOS,,,,0,0,0,0,0,0,0,0,3
40026631,5101 INGRESOS DE EXPLOTACION,5101-30 OTROS INGRESOS MERCADERÍAS,,,,0,0,0,0,0,0,0,0,3
40026726,5101 INGRESOS DE EXPLOTACION,5101-31 INGRESOS POR GASTO COMUN,,,,0,0,0,0,0,0,0,0,3
40026727,5101 INGRESOS DE EXPLOTACION,5101-32 INTERES COBRADO POR MORA GASTO COMUN,,,,0,0,0,0,0,0,0,0,3
40026728,5101 INGRESOS DE EXPLOTACION,5101-33 INGRESO DEV PERMISO SINDICATO,,,,0,0,0,0,0,0,0,0,3
40026780,5101 INGRESOS DE EXPLOTACION,5101-34 PROVISION DE INGRESOS,,,,0,0,0,0,0,0,0,0,3
40026793,5101 INGRESOS DE EXPLOTACION,5101-35 INGRESOS ROYALTY FEE,,,,0,0,0,0,0,0,0,0,3
40026794,5101 INGRESOS DE EXPLOTACION,5101-36 INGRESOS MKT FEE,,,,0,0,0,0,0,0,0,0,3
40026795,5101 INGRESOS DE EXPLOTACION,5101-37 VENTAS ACAI,,,,0,0,0,0,0,0,0,0,3
40026796,5101 INGRESOS DE EXPLOTACION,5101-38 VENTAS MAQUINAS,,,,0,0,0,0,0,0,0,0,3
40026797,5101 INGRESOS DE EXPLOTACION,5101-39 INGRESOS FRANCHISE FEE,,,,0,0,0,0,0,0,0,0,3
40026798,5101 INGRESOS DE EXPLOTACION,5101-40 VENTAS DESECHABLES,,,,0,0,0,0,0,0,0,0,3
40026818,5101 INGRESOS DE EXPLOTACION,5101-41 VENTAS POR SERVICIOS,,,,0,0,0,0,0,0,0,0,3
40026852,5101 INGRESOS DE EXPLOTACION,5101-42 INGRESOS POR VENTA  DE PRODUCTO E,,,,0,0,0,0,0,0,0,0,3
40026853,5101 INGRESOS DE EXPLOTACION,5101-43 INGRESOS POR VENTA DE PRODUCTO TR,,,,0,0,0,0,0,0,0,0,3
40026854,5101 INGRESOS DE EXPLOTACION,5101-44 INGRESOS POR VENTA DE PRODUCTO PI,,,,0,0,0,0,0,0,0,0,3
40026855,5101 INGRESOS DE EXPLOTACION,5101-45 INGRESOS POR VENTA DE PRODUCTO  C,,,,0,0,0,0,0,0,0,0,3
40026867,5101 INGRESOS DE EXPLOTACION,5101-46 INGRESO POR VENTAS,,,,0,0,0,0,0,0,0,0,3
40026889,5101 INGRESOS DE EXPLOTACION,5101-47 VENTAS ACAÍ FRANQUICIADO,,,,0,0,0,0,0,0,0,0,3
40026890,5101 INGRESOS DE EXPLOTACION,5101-48 VENTAS MAQUINAS FRANQUICIADO,,,,0,0,0,0,0,0,0,0,3
40026891,5101 INGRESOS DE EXPLOTACION,5101-49 VENTAS DESECHABLE FRANQUICIADO,,,,0,0,0,0,0,0,0,0,3
40026896,5101 INGRESOS DE EXPLOTACION,5101-50 VENTAS MERCH FRANQUICIADO,,,,0,0,0,0,0,0,0,0,3
40026899,5101 INGRESOS DE EXPLOTACION,5101-51 VENTA TOPPINGS FRANQUICIADO,,,,0,0,0,0,0,0,0,0,3
40026900,5101 INGRESOS DE EXPLOTACION,5101-52 INGRESOS ASESORIAS FRANQUICIADOS,,,,0,0,0,0,0,0,0,0,3
40026901,5101 INGRESOS DE EXPLOTACION,5101-53 INGRESO MANTENCIÓN MAQUINAS Y ROLLOS,,,,0,0,0,0,0,0,0,0,3
40026902,5101 INGRESOS DE EXPLOTACION,5101-54 VENTA UNIFORMES FRANQUICIADOS,,,,0,0,0,0,0,0,0,0,3
40026903,5101 INGRESOS DE EXPLOTACION,5101-55 INGRESO TRASLADO FRANQUICIADO,,,,0,0,0,0,0,0,0,0,3
40026905,5101 INGRESOS DE EXPLOTACION,5101-56 INGRESOS MKT FRANQUICIADOS,,,,0,0,0,0,0,0,0,0,3
40026911,5101 INGRESOS DE EXPLOTACION,5101-57 VENTAS POR EVENTOS,,,,0,0,0,0,0,0,0,0,3
40026924,5101 INGRESOS DE EXPLOTACION,5101-58 VENTA  DE PRODUCTO ENTERO,,,,0,0,0,0,0,0,0,0,3
40026925,5101 INGRESOS DE EXPLOTACION,5101-59 VENTA DE PRODUCTO TROZADO,,,,0,0,0,0,0,0,0,0,3
40026926,5101 INGRESOS DE EXPLOTACION,5101-60 VENTA DE PRODUCTO PICADO,,,,0,0,0,0,0,0,0,0,3
40026927,5101 INGRESOS DE EXPLOTACION,5101-61 VENTA DE PRODUCTO CUBO,,,,0,0,0,0,0,0,0,0,3
40026934,5101 INGRESOS DE EXPLOTACION,5101-62 INGRESO POR VENTAS FRANQUICIADO,,,,0,0,0,0,0,0,0,0,3
40026953,5101 INGRESOS DE EXPLOTACION,5101-63 VENTA SEMILLAS,,,,0,0,0,0,0,0,0,0,3
40026960,5101 INGRESOS DE EXPLOTACION,5101-64 UTILIDAD VENTA AF,,,,0,0,0,0,0,0,0,0,3
40025886,,52 INGRESOS NO OPERACIONALES,,,,0,0,0,0,0,0,0,0,3
40025887,5201 INGRESOS NO OPERACIONALES,5201 INGRESOS NO OPERACIONALES,,,,0,0,0,0,0,0,0,0,3
40025888,5201 INGRESOS NO OPERACIONALES,5201-01 FLUCTUACION DE CAMBIOS,,,,0,0,0,0,0,0,0,0,3
40025889,5201 INGRESOS NO OPERACIONALES,5201-02 DIVIDENDOS PERCIBIDOS,,,,0,0,0,0,0,0,0,0,3
40025890,5201 INGRESOS NO OPERACIONALES,5201-03 OTROS INGRESOS,,,,0,0,0,0,0,0,0,0,3
40025891,5201 INGRESOS NO OPERACIONALES,5201-04 INTERESES GANADOS,,,,0,0,0,0,0,0,0,0,3
40025892,5201 INGRESOS NO OPERACIONALES,5201-05 VENTAS ACTIVO FIJO,,,,0,0,0,0,0,0,0,0,3
40026373,5201 INGRESOS NO OPERACIONALES,5201-06 VENTAS CONVENCIONALES,,,,0,0,0,0,0,0,0,0,3
40025893,5201 INGRESOS NO OPERACIONALES,5201-07 INDEMNIZ. SEGUROS,,,,0,0,0,0,0,0,0,0,3
40026203,5201 INGRESOS NO OPERACIONALES,5201-08 UTILIDAD/PERDIDA EERR,,,,0,0,0,0,0,0,0,0,3
40026208,5201 INGRESOS NO OPERACIONALES,5201-09 INGRESO POR INVERSION,,,,0,0,0,0,0,0,0,0,3
40026269,5201 INGRESOS NO OPERACIONALES,5201-10 RETIROS PERCIBIDOS,,,,0,0,0,0,0,0,0,0,3
40026366,5201 INGRESOS NO OPERACIONALES,5201-11 INTERES POR MORA,,,,0,0,0,0,0,0,0,0,3
40026392,5201 INGRESOS NO OPERACIONALES,5201-12 INGRESO VENTA DE ACCIONES,,,,0,0,0,0,0,0,0,0,3
40026497,5201 INGRESOS NO OPERACIONALES,5201-13 INGRESO SUBSIDIO AL EMPLEO,,,,0,0,0,0,0,0,0,0,3
40026519,5201 INGRESOS NO OPERACIONALES,5201-14 DIVIDENDOS POR ACCIONES,,,,0,0,0,0,0,0,0,0,3
40026534,5201 INGRESOS NO OPERACIONALES,5201-15 INGRESOS POR COMISIONES,,,,0,0,0,0,0,0,0,0,3
40026535,5201 INGRESOS NO OPERACIONALES,5201-16 INGRESOS POR OPERACION,,,,0,0,0,0,0,0,0,0,3
40026627,5201 INGRESOS NO OPERACIONALES,5201-18 VENTAS POR SERVICIOS,,,,0,0,0,0,0,0,0,0,3
40027048,5201 INGRESOS NO OPERACIONALES,5201-19 BONIFICACIÓN DE ZONAS EXTREMAS,,,,0,0,0,0,0,0,0,0,3
40025894,5202 REAJUSTE DEV PPM,5202 REAJUSTE DEV PPM,,,,0,0,0,0,0,0,0,0,3
40025895,5202 REAJUSTE DEV PPM,5202-01 REAJUSTE DEV PPM,,,,0,0,0,0,0,0,0,0,3
40025896,5203 REAJUSTE CRED.FISCAL,5203 REAJUSTE CRED.FISCAL,,,,0,0,0,0,0,0,0,0,3
40025897,5203 REAJUSTE CRED.FISCAL,5203-01 REAJUSTE CRED. FISCAL,,,,0,0,0,0,0,0,0,0,3
40026602,5203 REAJUSTE CRED.FISCAL,5203-02 REAJUSTE CRED EMPRESA CONSTRUCTORA,,,,0,0,0,0,0,0,0,0,3
40025898,,55 CORRECION MONETARIA,,,,0,0,0,0,0,0,0,0,3
40025899,5501 CORRECCION MONETARIA,5501 CORRECCION MONETARIA,,,,0,0,0,0,0,0,0,0,3
40025900,5501 CORRECCION MONETARIA,5501-01 REAJUSTE C PROPIO INICIAL,,,,0,0,0,0,0,0,0,0,3
40025901,5501 CORRECCION MONETARIA,5501-02 REAJUSTE AUMENTOS CAPITAL,,,,0,0,0,0,0,0,0,0,3
40025902,5501 CORRECCION MONETARIA,5501-03 REAJUSTE DISMINUC CAPITAL,,,,0,0,0,0,0,0,0,0,3
40025903,5501 CORRECCION MONETARIA,5501-04 REAJUSTE IMPTO PROVISIONAL,,,,0,0,0,0,0,0,0,0,3
40025904,5501 CORRECCION MONETARIA,5501-05 CM ACTIVO FIJO,,,,0,0,0,0,0,0,0,0,3
40025905,5501 CORRECCION MONETARIA,5501-06 REAJUSTE EXISTENCIAS,,,,0,0,0,0,0,0,0,0,3
40025906,5501 CORRECCION MONETARIA,5501-07 REAJUSTE DEUDAS M/EXTRANJERA,,,,0,0,0,0,0,0,0,0,3
40025907,5501 CORRECCION MONETARIA,5501-08 REAJUSTE GASTOS DIFERIDOS,,,,0,0,0,0,0,0,0,0,3
40025908,5501 CORRECCION MONETARIA,5501-09 REAJUSTE DEUDAS REAJUSTABLES,,,,0,0,0,0,0,0,0,0,3
40025909,5501 CORRECCION MONETARIA,5501-10 REAJUSTE ACCIONES,,,,0,0,0,0,0,0,0,0,3
40025910,5501 CORRECCION MONETARIA,5501-11 REAJUSTE GASTOS RECHAZADOS,,,,0,0,0,0,0,0,0,0,3
40025911,5501 CORRECCION MONETARIA,5501-12 REAJUSTE OTROS ACTIVOS,,,,0,0,0,0,0,0,0,0,3
40026494,5501 CORRECCION MONETARIA,5501-13 REAJUSTES CUOTAS COLUN,,,,0,0,0,0,0,0,0,0,3
40026763,5501 CORRECCION MONETARIA,5501-14 REAJUSTES,,,,0,0,0,0,0,0,0,0,3
40026968,5501 CORRECCION MONETARIA,5501-15 CM PPM,,,,0,0,0,0,0,0,0,0,3
40026969,5501 CORRECCION MONETARIA,5501-16 CM RETIROS,,,,0,0,0,0,0,0,0,0,3
